x,y,z,roll,pitch,yaw,vx,vy,vz
0.4,0,0.499999,3.14159,0,3.14159,0,0,0.000625
0.4,0,0.499998,3.14159,0,3.14159,0,0,0.00125
0.4,0,0.499996,3.14159,0,3.14159,0,0,0.001875
0.4,0,0.499994,3.14159,0,3.14159,0,0,0.0025
0.4,0,0.499991,3.14159,0,3.14159,0,0,0.003125
0.4,0,0.499987,3.14159,0,3.14159,0,0,0.00375
0.4,0,0.499982,3.14159,0,3.14159,0,0,0.004375
0.4,0,0.499978,3.14159,0,3.14159,0,0,0.005
0.4,0,0.499972,3.14159,0,3.14159,0,0,0.005625
0.4,0,0.499966,3.14159,0,3.14159,0,0,0.00625
0.4,0,0.499959,3.14159,0,3.14159,0,0,0.006875
0.4,0,0.499951,3.14159,0,3.14159,0,0,0.0075
0.4,0,0.499943,3.14159,0,3.14159,0,0,0.008125
0.4,0,0.499934,3.14159,0,3.14159,0,0,0.00875
0.4,0,0.499925,3.14159,0,3.14159,0,0,0.009375
0.4,0,0.499915,3.14159,0,3.14159,0,0,0.01
0.4,0,0.499904,3.14159,0,3.14159,0,0,0.010625
0.4,0,0.499893,3.14159,0,3.14159,0,0,0.01125
0.4,0,0.499881,3.14159,0,3.14159,0,0,0.011875
0.4,0,0.499869,3.14159,0,3.14159,0,0,0.0125
0.4,0,0.499856,3.14159,0,3.14159,0,0,0.013125
0.4,0,0.499842,3.14159,0,3.14159,0,0,0.01375
0.4,0,0.499827,3.14159,0,3.14159,0,0,0.014375
0.4,0,0.499812,3.14159,0,3.14159,0,0,0.015
0.4,0,0.499797,3.14159,0,3.14159,0,0,0.015625
0.4,0,0.499781,3.14159,0,3.14159,0,0,0.01625
0.4,0,0.499764,3.14159,0,3.14159,0,0,0.016875
0.4,0,0.499746,3.14159,0,3.14159,0,0,0.0175
0.4,0,0.499728,3.14159,0,3.14159,0,0,0.018125
0.4,0,0.499709,3.14159,0,3.14159,0,0,0.01875
0.4,0,0.49969,3.14159,0,3.14159,0,0,0.019375
0.4,0,0.49967,3.14159,0,3.14159,0,0,0.02
0.4,0,0.499649,3.14159,0,3.14159,0,0,0.020625
0.4,0,0.499628,3.14159,0,3.14159,0,0,0.02125
0.4,0,0.499606,3.14159,0,3.14159,0,0,0.021875
0.4,0,0.499584,3.14159,0,3.14159,0,0,0.0225
0.4,0,0.499561,3.14159,0,3.14159,0,0,0.023125
0.4,0,0.499537,3.14159,0,3.14159,0,0,0.02375
0.4,0,0.499513,3.14159,0,3.14159,0,0,0.024375
0.4,0,0.499487,3.14159,0,3.14159,0,0,0.025
0.4,0,0.499462,3.14159,0,3.14159,0,0,0.025625
0.4,0,0.499436,3.14159,0,3.14159,0,0,0.02625
0.4,0,0.499409,3.14159,0,3.14159,0,0,0.026875
0.4,0,0.499381,3.14159,0,3.14159,0,0,0.0275
0.4,0,0.499353,3.14159,0,3.14159,0,0,0.028125
0.4,0,0.499324,3.14159,0,3.14159,0,0,0.02875
0.4,0,0.499295,3.14159,0,3.14159,0,0,0.029375
0.4,0,0.499265,3.14159,0,3.14159,0,0,0.03
0.4,0,0.499234,3.14159,0,3.14159,0,0,0.030625
0.4,0,0.499203,3.14159,0,3.14159,0,0,0.03125
0.4,0,0.499171,3.14159,0,3.14159,0,0,0.031875
0.4,0,0.499139,3.14159,0,3.14159,0,0,0.0325
0.4,0,0.499106,3.14159,0,3.14159,0,0,0.033125
0.4,0,0.499072,3.14159,0,3.14159,0,0,0.03375
0.4,0,0.499038,3.14159,0,3.14159,0,0,0.034375
0.4,0,0.499003,3.14159,0,3.14159,0,0,0.035
0.4,0,0.498967,3.14159,0,3.14159,0,0,0.035625
0.4,0,0.498931,3.14159,0,3.14159,0,0,0.03625
0.4,0,0.498894,3.14159,0,3.14159,0,0,0.036875
0.4,0,0.498856,3.14159,0,3.14159,0,0,0.0375
0.4,0,0.498818,3.14159,0,3.14159,0,0,0.038125
0.4,0,0.498779,3.14159,0,3.14159,0,0,0.03875
0.4,0,0.49874,3.14159,0,3.14159,0,0,0.039375
0.4,0,0.4987,3.14159,0,3.14159,0,0,0.04
0.4,0,0.498659,3.14159,0,3.14159,0,0,0.040625
0.4,0,0.498618,3.14159,0,3.14159,0,0,0.04125
0.4,0,0.498576,3.14159,0,3.14159,0,0,0.041875
0.4,0,0.498534,3.14159,0,3.14159,0,0,0.0425
0.4,0,0.498491,3.14159,0,3.14159,0,0,0.043125
0.4,0,0.498447,3.14159,0,3.14159,0,0,0.04375
0.4,0,0.498403,3.14159,0,3.14159,0,0,0.044375
0.4,0,0.498358,3.14159,0,3.14159,0,0,0.045
0.4,0,0.498312,3.14159,0,3.14159,0,0,0.045625
0.4,0,0.498266,3.14159,0,3.14159,0,0,0.04625
0.4,0,0.498219,3.14159,0,3.14159,0,0,0.046875
0.4,0,0.498171,3.14159,0,3.14159,0,0,0.0475
0.4,0,0.498123,3.14159,0,3.14159,0,0,0.048125
0.4,0,0.498074,3.14159,0,3.14159,0,0,0.04875
0.4,0,0.498025,3.14159,0,3.14159,0,0,0.049375
0.4,0,0.497975,3.14159,0,3.14159,0,0,0.05
0.4,0,0.497924,3.14159,0,3.14159,0,0,0.050625
0.4,0,0.497873,3.14159,0,3.14159,0,0,0.05125
0.4,0,0.497821,3.14159,0,3.14159,0,0,0.051875
0.4,0,0.497769,3.14159,0,3.14159,0,0,0.0525
0.4,0,0.497716,3.14159,0,3.14159,0,0,0.053125
0.4,0,0.497662,3.14159,0,3.14159,0,0,0.05375
0.4,0,0.497607,3.14159,0,3.14159,0,0,0.054375
0.4,0,0.497553,3.14159,0,3.14159,0,0,0.055
0.4,0,0.497497,3.14159,0,3.14159,0,0,0.055625
0.4,0,0.497441,3.14159,0,3.14159,0,0,0.05625
0.4,0,0.497384,3.14159,0,3.14159,0,0,0.056875
0.4,0,0.497326,3.14159,0,3.14159,0,0,0.0575
0.4,0,0.497268,3.14159,0,3.14159,0,0,0.058125
0.4,0,0.497209,3.14159,0,3.14159,0,0,0.05875
0.4,0,0.49715,3.14159,0,3.14159,0,0,0.059375
0.4,0,0.49709,3.14159,0,3.14159,0,0,0.06
0.4,0,0.497029,3.14159,0,3.14159,0,0,0.060625
0.4,0,0.496968,3.14159,0,3.14159,0,0,0.06125
0.4,0,0.496906,3.14159,0,3.14159,0,0,0.061875
0.4,0,0.496844,3.14159,0,3.14159,0,0,0.0625
0.4,0,0.496781,3.14159,0,3.14159,0,0,0.063125
0.4,0,0.496717,3.14159,0,3.14159,0,0,0.06375
0.4,0,0.496652,3.14159,0,3.14159,0,0,0.064375
0.4,0,0.496588,3.14159,0,3.14159,0,0,0.065
0.4,0,0.496522,3.14159,0,3.14159,0,0,0.065625
0.4,0,0.496456,3.14159,0,3.14159,0,0,0.06625
0.4,0,0.496389,3.14159,0,3.14159,0,0,0.066875
0.4,0,0.496321,3.14159,0,3.14159,0,0,0.0675
0.4,0,0.496253,3.14159,0,3.14159,0,0,0.068125
0.4,0,0.496184,3.14159,0,3.14159,0,0,0.06875
0.4,0,0.496115,3.14159,0,3.14159,0,0,0.069375
0.4,0,0.496045,3.14159,0,3.14159,0,0,0.07
0.4,0,0.495974,3.14159,0,3.14159,0,0,0.070625
0.4,0,0.495903,3.14159,0,3.14159,0,0,0.07125
0.4,0,0.495831,3.14159,0,3.14159,0,0,0.071875
0.4,0,0.495759,3.14159,0,3.14159,0,0,0.0725
0.4,0,0.495686,3.14159,0,3.14159,0,0,0.073125
0.4,0,0.495612,3.14159,0,3.14159,0,0,0.07375
0.4,0,0.495538,3.14159,0,3.14159,0,0,0.074375
0.4,0,0.495462,3.14159,0,3.14159,0,0,0.075
0.4,0,0.495387,3.14159,0,3.14159,0,0,0.075625
0.4,0,0.495311,3.14159,0,3.14159,0,0,0.07625
0.4,0,0.495234,3.14159,0,3.14159,0,0,0.076875
0.4,0,0.495156,3.14159,0,3.14159,0,0,0.0775
0.4,0,0.495078,3.14159,0,3.14159,0,0,0.078125
0.4,0,0.494999,3.14159,0,3.14159,0,0,0.07875
0.4,0,0.49492,3.14159,0,3.14159,0,0,0.079375
0.4,0,0.49484,3.14159,0,3.14159,0,0,0.08
0.4,0,0.494759,3.14159,0,3.14159,0,0,0.080625
0.4,0,0.494678,3.14159,0,3.14159,0,0,0.08125
0.4,0,0.494596,3.14159,0,3.14159,0,0,0.081875
0.4,0,0.494514,3.14159,0,3.14159,0,0,0.0825
0.4,0,0.494431,3.14159,0,3.14159,0,0,0.083125
0.4,0,0.494347,3.14159,0,3.14159,0,0,0.08375
0.4,0,0.494262,3.14159,0,3.14159,0,0,0.084375
0.4,0,0.494177,3.14159,0,3.14159,0,0,0.085
0.4,0,0.494092,3.14159,0,3.14159,0,0,0.085625
0.4,0,0.494006,3.14159,0,3.14159,0,0,0.08625
0.4,0,0.493919,3.14159,0,3.14159,0,0,0.086875
0.4,0,0.493831,3.14159,0,3.14159,0,0,0.0875
0.4,0,0.493743,3.14159,0,3.14159,0,0,0.088125
0.4,0,0.493654,3.14159,0,3.14159,0,0,0.08875
0.4,0,0.493565,3.14159,0,3.14159,0,0,0.089375
0.4,0,0.493475,3.14159,0,3.14159,0,0,0.09
0.4,0,0.493384,3.14159,0,3.14159,0,0,0.090625
0.4,0,0.493293,3.14159,0,3.14159,0,0,0.09125
0.4,0,0.493201,3.14159,0,3.14159,0,0,0.091875
0.4,0,0.493109,3.14159,0,3.14159,0,0,0.0925
0.4,0,0.493016,3.14159,0,3.14159,0,0,0.093125
0.4,0,0.492922,3.14159,0,3.14159,0,0,0.09375
0.4,0,0.492827,3.14159,0,3.14159,0,0,0.094375
0.4,0,0.492733,3.14159,0,3.14159,0,0,0.095
0.4,0,0.492637,3.14159,0,3.14159,0,0,0.095625
0.4,0,0.492541,3.14159,0,3.14159,0,0,0.09625
0.4,0,0.492444,3.14159,0,3.14159,0,0,0.096875
0.4,0,0.492346,3.14159,0,3.14159,0,0,0.0975
0.4,0,0.492248,3.14159,0,3.14159,0,0,0.098125
0.4,0,0.492149,3.14159,0,3.14159,0,0,0.09875
0.4,0,0.49205,3.14159,0,3.14159,0,0,0.099375
0.4,0,0.49195,3.14159,0,3.14159,0,0,0.1
0.4,0,0.491849,3.14159,0,3.14159,0,0,0.100625
0.4,0,0.491748,3.14159,0,3.14159,0,0,0.10125
0.4,0,0.491646,3.14159,0,3.14159,0,0,0.101875
0.4,0,0.491544,3.14159,0,3.14159,0,0,0.1025
0.4,0,0.491441,3.14159,0,3.14159,0,0,0.103125
0.4,0,0.491337,3.14159,0,3.14159,0,0,0.10375
0.4,0,0.491233,3.14159,0,3.14159,0,0,0.104375
0.4,0,0.491127,3.14159,0,3.14159,0,0,0.105
0.4,0,0.491022,3.14159,0,3.14159,0,0,0.105625
0.4,0,0.490916,3.14159,0,3.14159,0,0,0.10625
0.4,0,0.490809,3.14159,0,3.14159,0,0,0.106875
0.4,0,0.490701,3.14159,0,3.14159,0,0,0.1075
0.4,0,0.490593,3.14159,0,3.14159,0,0,0.108125
0.4,0,0.490484,3.14159,0,3.14159,0,0,0.10875
0.4,0,0.490375,3.14159,0,3.14159,0,0,0.109375
0.4,0,0.490265,3.14159,0,3.14159,0,0,0.11
0.4,0,0.490154,3.14159,0,3.14159,0,0,0.110625
0.4,0,0.490043,3.14159,0,3.14159,0,0,0.11125
0.4,0,0.489931,3.14159,0,3.14159,0,0,0.111875
0.4,0,0.489819,3.14159,0,3.14159,0,0,0.1125
0.4,0,0.489706,3.14159,0,3.14159,0,0,0.113125
0.4,0,0.489592,3.14159,0,3.14159,0,0,0.11375
0.4,0,0.489478,3.14159,0,3.14159,0,0,0.114375
0.4,0,0.489362,3.14159,0,3.14159,0,0,0.115
0.4,0,0.489247,3.14159,0,3.14159,0,0,0.115625
0.4,0,0.489131,3.14159,0,3.14159,0,0,0.11625
0.4,0,0.489014,3.14159,0,3.14159,0,0,0.116875
0.4,0,0.488896,3.14159,0,3.14159,0,0,0.1175
0.4,0,0.488778,3.14159,0,3.14159,0,0,0.118125
0.4,0,0.488659,3.14159,0,3.14159,0,0,0.11875
0.4,0,0.48854,3.14159,0,3.14159,0,0,0.119375
0.4,0,0.48842,3.14159,0,3.14159,0,0,0.12
0.4,0,0.488299,3.14159,0,3.14159,0,0,0.120625
0.4,0,0.488178,3.14159,0,3.14159,0,0,0.12125
0.4,0,0.488056,3.14159,0,3.14159,0,0,0.121875
0.4,0,0.487934,3.14159,0,3.14159,0,0,0.1225
0.4,0,0.487811,3.14159,0,3.14159,0,0,0.123125
0.4,0,0.487687,3.14159,0,3.14159,0,0,0.12375
0.4,0,0.487563,3.14159,0,3.14159,0,0,0.124375
0.4,0,0.487437,3.14159,0,3.14159,0,0,0.125
0.4,0,0.487312,3.14159,0,3.14159,0,0,0.125625
0.4,0,0.487186,3.14159,0,3.14159,0,0,0.12625
0.4,0,0.487059,3.14159,0,3.14159,0,0,0.126875
0.4,0,0.486931,3.14159,0,3.14159,0,0,0.1275
0.4,0,0.486803,3.14159,0,3.14159,0,0,0.128125
0.4,0,0.486674,3.14159,0,3.14159,0,0,0.12875
0.4,0,0.486545,3.14159,0,3.14159,0,0,0.129375
0.4,0,0.486415,3.14159,0,3.14159,0,0,0.13
0.4,0,0.486284,3.14159,0,3.14159,0,0,0.130625
0.4,0,0.486153,3.14159,0,3.14159,0,0,0.13125
0.4,0,0.486021,3.14159,0,3.14159,0,0,0.131875
0.4,0,0.485889,3.14159,0,3.14159,0,0,0.1325
0.4,0,0.485756,3.14159,0,3.14159,0,0,0.133125
0.4,0,0.485622,3.14159,0,3.14159,0,0,0.13375
0.4,0,0.485488,3.14159,0,3.14159,0,0,0.134375
0.4,0,0.485352,3.14159,0,3.14159,0,0,0.135
0.4,0,0.485217,3.14159,0,3.14159,0,0,0.135625
0.4,0,0.485081,3.14159,0,3.14159,0,0,0.13625
0.4,0,0.484944,3.14159,0,3.14159,0,0,0.136875
0.4,0,0.484806,3.14159,0,3.14159,0,0,0.1375
0.4,0,0.484668,3.14159,0,3.14159,0,0,0.138125
0.4,0,0.484529,3.14159,0,3.14159,0,0,0.13875
0.4,0,0.48439,3.14159,0,3.14159,0,0,0.139375
0.4,0,0.48425,3.14159,0,3.14159,0,0,0.14
0.4,0,0.484109,3.14159,0,3.14159,0,0,0.140625
0.4,0,0.483968,3.14159,0,3.14159,0,0,0.14125
0.4,0,0.483826,3.14159,0,3.14159,0,0,0.141875
0.4,0,0.483684,3.14159,0,3.14159,0,0,0.1425
0.4,0,0.483541,3.14159,0,3.14159,0,0,0.143125
0.4,0,0.483397,3.14159,0,3.14159,0,0,0.14375
0.4,0,0.483252,3.14159,0,3.14159,0,0,0.144375
0.4,0,0.483108,3.14159,0,3.14159,0,0,0.145
0.4,0,0.482962,3.14159,0,3.14159,0,0,0.145625
0.4,0,0.482816,3.14159,0,3.14159,0,0,0.14625
0.4,0,0.482669,3.14159,0,3.14159,0,0,0.146875
0.4,0,0.482521,3.14159,0,3.14159,0,0,0.1475
0.4,0,0.482373,3.14159,0,3.14159,0,0,0.148125
0.4,0,0.482224,3.14159,0,3.14159,0,0,0.14875
0.4,0,0.482075,3.14159,0,3.14159,0,0,0.149375
0.4,0,0.481925,3.14159,0,3.14159,0,0,0.15
0.4,0,0.481774,3.14159,0,3.14159,0,0,0.150625
0.4,0,0.481623,3.14159,0,3.14159,0,0,0.15125
0.4,0,0.481471,3.14159,0,3.14159,0,0,0.151875
0.4,0,0.481319,3.14159,0,3.14159,0,0,0.1525
0.4,0,0.481166,3.14159,0,3.14159,0,0,0.153125
0.4,0,0.481012,3.14159,0,3.14159,0,0,0.15375
0.4,0,0.480857,3.14159,0,3.14159,0,0,0.154375
0.4,0,0.480702,3.14159,0,3.14159,0,0,0.155
0.4,0,0.480547,3.14159,0,3.14159,0,0,0.155625
0.4,0,0.480391,3.14159,0,3.14159,0,0,0.15625
0.4,0,0.480234,3.14159,0,3.14159,0,0,0.156875
0.4,0,0.480076,3.14159,0,3.14159,0,0,0.1575
0.4,0,0.479918,3.14159,0,3.14159,0,0,0.158125
0.4,0,0.479759,3.14159,0,3.14159,0,0,0.15875
0.4,0,0.4796,3.14159,0,3.14159,0,0,0.159375
0.4,0,0.47944,3.14159,0,3.14159,0,0,0.16
0.4,0,0.479279,3.14159,0,3.14159,0,0,0.160625
0.4,0,0.479118,3.14159,0,3.14159,0,0,0.16125
0.4,0,0.478956,3.14159,0,3.14159,0,0,0.161875
0.4,0,0.478794,3.14159,0,3.14159,0,0,0.1625
0.4,0,0.478631,3.14159,0,3.14159,0,0,0.163125
0.4,0,0.478467,3.14159,0,3.14159,0,0,0.16375
0.4,0,0.478303,3.14159,0,3.14159,0,0,0.164375
0.4,0,0.478137,3.14159,0,3.14159,0,0,0.165
0.4,0,0.477972,3.14159,0,3.14159,0,0,0.165625
0.4,0,0.477806,3.14159,0,3.14159,0,0,0.16625
0.4,0,0.477639,3.14159,0,3.14159,0,0,0.166875
0.4,0,0.477471,3.14159,0,3.14159,0,0,0.1675
0.4,0,0.477303,3.14159,0,3.14159,0,0,0.168125
0.4,0,0.477134,3.14159,0,3.14159,0,0,0.16875
0.4,0,0.476965,3.14159,0,3.14159,0,0,0.169375
0.4,0,0.476795,3.14159,0,3.14159,0,0,0.17
0.4,0,0.476624,3.14159,0,3.14159,0,0,0.170625
0.4,0,0.476453,3.14159,0,3.14159,0,0,0.17125
0.4,0,0.476281,3.14159,0,3.14159,0,0,0.171875
0.4,0,0.476109,3.14159,0,3.14159,0,0,0.1725
0.4,0,0.475936,3.14159,0,3.14159,0,0,0.173125
0.4,0,0.475762,3.14159,0,3.14159,0,0,0.17375
0.4,0,0.475588,3.14159,0,3.14159,0,0,0.174375
0.4,0,0.475413,3.14159,0,3.14159,0,0,0.175
0.4,0,0.475237,3.14159,0,3.14159,0,0,0.175625
0.4,0,0.475061,3.14159,0,3.14159,0,0,0.17625
0.4,0,0.474884,3.14159,0,3.14159,0,0,0.176875
0.4,0,0.474706,3.14159,0,3.14159,0,0,0.1775
0.4,0,0.474528,3.14159,0,3.14159,0,0,0.178125
0.4,0,0.474349,3.14159,0,3.14159,0,0,0.17875
0.4,0,0.47417,3.14159,0,3.14159,0,0,0.179375
0.4,0,0.47399,3.14159,0,3.14159,0,0,0.18
0.4,0,0.473809,3.14159,0,3.14159,0,0,0.180625
0.4,0,0.473628,3.14159,0,3.14159,0,0,0.18125
0.4,0,0.473446,3.14159,0,3.14159,0,0,0.181875
0.4,0,0.473264,3.14159,0,3.14159,0,0,0.1825
0.4,0,0.473081,3.14159,0,3.14159,0,0,0.183125
0.4,0,0.472897,3.14159,0,3.14159,0,0,0.18375
0.4,0,0.472713,3.14159,0,3.14159,0,0,0.184375
0.4,0,0.472528,3.14159,0,3.14159,0,0,0.185
0.4,0,0.472342,3.14159,0,3.14159,0,0,0.185625
0.4,0,0.472156,3.14159,0,3.14159,0,0,0.18625
0.4,0,0.471969,3.14159,0,3.14159,0,0,0.186875
0.4,0,0.471781,3.14159,0,3.14159,0,0,0.1875
0.4,0,0.471593,3.14159,0,3.14159,0,0,0.188125
0.4,0,0.471404,3.14159,0,3.14159,0,0,0.18875
0.4,0,0.471215,3.14159,0,3.14159,0,0,0.189375
0.4,0,0.471025,3.14159,0,3.14159,0,0,0.19
0.4,0,0.470834,3.14159,0,3.14159,0,0,0.190625
0.4,0,0.470643,3.14159,0,3.14159,0,0,0.19125
0.4,0,0.470451,3.14159,0,3.14159,0,0,0.191875
0.4,0,0.470259,3.14159,0,3.14159,0,0,0.1925
0.4,0,0.470066,3.14159,0,3.14159,0,0,0.193125
0.4,0,0.469872,3.14159,0,3.14159,0,0,0.19375
0.4,0,0.469678,3.14159,0,3.14159,0,0,0.194375
0.4,0,0.469483,3.14159,0,3.14159,0,0,0.195
0.4,0,0.469287,3.14159,0,3.14159,0,0,0.195625
0.4,0,0.469091,3.14159,0,3.14159,0,0,0.19625
0.4,0,0.468894,3.14159,0,3.14159,0,0,0.196875
0.4,0,0.468696,3.14159,0,3.14159,0,0,0.1975
0.4,0,0.468498,3.14159,0,3.14159,0,0,0.198125
0.4,0,0.468299,3.14159,0,3.14159,0,0,0.19875
0.4,0,0.4681,3.14159,0,3.14159,0,0,0.199375
0.4,0,0.4679,3.14159,0,3.14159,0,0,0.2
0.4,0,0.467699,3.14159,0,3.14159,0,0,0.200625
0.4,0,0.467498,3.14159,0,3.14159,0,0,0.20125
0.4,0,0.467296,3.14159,0,3.14159,0,0,0.201875
0.4,0,0.467094,3.14159,0,3.14159,0,0,0.2025
0.4,0,0.466891,3.14159,0,3.14159,0,0,0.203125
0.4,0,0.466687,3.14159,0,3.14159,0,0,0.20375
0.4,0,0.466483,3.14159,0,3.14159,0,0,0.204375
0.4,0,0.466278,3.14159,0,3.14159,0,0,0.205
0.4,0,0.466072,3.14159,0,3.14159,0,0,0.205625
0.4,0,0.465866,3.14159,0,3.14159,0,0,0.20625
0.4,0,0.465659,3.14159,0,3.14159,0,0,0.206875
0.4,0,0.465451,3.14159,0,3.14159,0,0,0.2075
0.4,0,0.465243,3.14159,0,3.14159,0,0,0.208125
0.4,0,0.465034,3.14159,0,3.14159,0,0,0.20875
0.4,0,0.464825,3.14159,0,3.14159,0,0,0.209375
0.4,0,0.464615,3.14159,0,3.14159,0,0,0.21
0.4,0,0.464404,3.14159,0,3.14159,0,0,0.210625
0.4,0,0.464193,3.14159,0,3.14159,0,0,0.21125
0.4,0,0.463981,3.14159,0,3.14159,0,0,0.211875
0.4,0,0.463769,3.14159,0,3.14159,0,0,0.2125
0.4,0,0.463556,3.14159,0,3.14159,0,0,0.213125
0.4,0,0.463342,3.14159,0,3.14159,0,0,0.21375
0.4,0,0.463128,3.14159,0,3.14159,0,0,0.214375
0.4,0,0.462913,3.14159,0,3.14159,0,0,0.215
0.4,0,0.462697,3.14159,0,3.14159,0,0,0.215625
0.4,0,0.462481,3.14159,0,3.14159,0,0,0.21625
0.4,0,0.462264,3.14159,0,3.14159,0,0,0.216875
0.4,0,0.462046,3.14159,0,3.14159,0,0,0.2175
0.4,0,0.461828,3.14159,0,3.14159,0,0,0.218125
0.4,0,0.461609,3.14159,0,3.14159,0,0,0.21875
0.4,0,0.46139,3.14159,0,3.14159,0,0,0.219375
0.4,0,0.46117,3.14159,0,3.14159,0,0,0.22
0.4,0,0.460949,3.14159,0,3.14159,0,0,0.220625
0.4,0,0.460728,3.14159,0,3.14159,0,0,0.22125
0.4,0,0.460506,3.14159,0,3.14159,0,0,0.221875
0.4,0,0.460284,3.14159,0,3.14159,0,0,0.2225
0.4,0,0.460061,3.14159,0,3.14159,0,0,0.223125
0.4,0,0.459837,3.14159,0,3.14159,0,0,0.22375
0.4,0,0.459613,3.14159,0,3.14159,0,0,0.224375
0.4,0,0.459388,3.14159,0,3.14159,0,0,0.225
0.4,0,0.459162,3.14159,0,3.14159,0,0,0.225625
0.4,0,0.458936,3.14159,0,3.14159,0,0,0.22625
0.4,0,0.458709,3.14159,0,3.14159,0,0,0.226875
0.4,0,0.458481,3.14159,0,3.14159,0,0,0.2275
0.4,0,0.458253,3.14159,0,3.14159,0,0,0.228125
0.4,0,0.458024,3.14159,0,3.14159,0,0,0.22875
0.4,0,0.457795,3.14159,0,3.14159,0,0,0.229375
0.4,0,0.457565,3.14159,0,3.14159,0,0,0.23
0.4,0,0.457334,3.14159,0,3.14159,0,0,0.230625
0.4,0,0.457103,3.14159,0,3.14159,0,0,0.23125
0.4,0,0.456871,3.14159,0,3.14159,0,0,0.231875
0.4,0,0.456639,3.14159,0,3.14159,0,0,0.2325
0.4,0,0.456406,3.14159,0,3.14159,0,0,0.233125
0.4,0,0.456172,3.14159,0,3.14159,0,0,0.23375
0.4,0,0.455938,3.14159,0,3.14159,0,0,0.234375
0.4,0,0.455703,3.14159,0,3.14159,0,0,0.235
0.4,0,0.455467,3.14159,0,3.14159,0,0,0.235625
0.4,0,0.455231,3.14159,0,3.14159,0,0,0.23625
0.4,0,0.454994,3.14159,0,3.14159,0,0,0.236875
0.4,0,0.454756,3.14159,0,3.14159,0,0,0.2375
0.4,0,0.454518,3.14159,0,3.14159,0,0,0.238125
0.4,0,0.454279,3.14159,0,3.14159,0,0,0.23875
0.4,0,0.45404,3.14159,0,3.14159,0,0,0.239375
0.4,0,0.4538,3.14159,0,3.14159,0,0,0.24
0.4,0,0.453559,3.14159,0,3.14159,0,0,0.240625
0.4,0,0.453318,3.14159,0,3.14159,0,0,0.24125
0.4,0,0.453076,3.14159,0,3.14159,0,0,0.241875
0.4,0,0.452834,3.14159,0,3.14159,0,0,0.2425
0.4,0,0.452591,3.14159,0,3.14159,0,0,0.243125
0.4,0,0.452347,3.14159,0,3.14159,0,0,0.24375
0.4,0,0.452103,3.14159,0,3.14159,0,0,0.244375
0.4,0,0.451858,3.14159,0,3.14159,0,0,0.245
0.4,0,0.451612,3.14159,0,3.14159,0,0,0.245625
0.4,0,0.451366,3.14159,0,3.14159,0,0,0.24625
0.4,0,0.451119,3.14159,0,3.14159,0,0,0.246875
0.4,0,0.450871,3.14159,0,3.14159,0,0,0.2475
0.4,0,0.450623,3.14159,0,3.14159,0,0,0.248125
0.4,0,0.450374,3.14159,0,3.14159,0,0,0.24875
0.4,0,0.450125,3.14159,0,3.14159,0,0,0.249375
0.4,0,0.449875,3.14159,0,3.14159,0,0,0.25
0.4,0,0.449624,3.14159,0,3.14159,0,0,0.250625
0.4,0,0.449373,3.14159,0,3.14159,0,0,0.25125
0.4,0,0.449121,3.14159,0,3.14159,0,0,0.251875
0.4,0,0.448869,3.14159,0,3.14159,0,0,0.2525
0.4,0,0.448616,3.14159,0,3.14159,0,0,0.253125
0.4,0,0.448362,3.14159,0,3.14159,0,0,0.25375
0.4,0,0.448108,3.14159,0,3.14159,0,0,0.254375
0.4,0,0.447853,3.14159,0,3.14159,0,0,0.255
0.4,0,0.447597,3.14159,0,3.14159,0,0,0.255625
0.4,0,0.447341,3.14159,0,3.14159,0,0,0.25625
0.4,0,0.447084,3.14159,0,3.14159,0,0,0.256875
0.4,0,0.446826,3.14159,0,3.14159,0,0,0.2575
0.4,0,0.446568,3.14159,0,3.14159,0,0,0.258125
0.4,0,0.446309,3.14159,0,3.14159,0,0,0.25875
0.4,0,0.44605,3.14159,0,3.14159,0,0,0.259375
0.4,0,0.44579,3.14159,0,3.14159,0,0,0.26
0.4,0,0.445529,3.14159,0,3.14159,0,0,0.260625
0.4,0,0.445268,3.14159,0,3.14159,0,0,0.26125
0.4,0,0.445006,3.14159,0,3.14159,0,0,0.261875
0.4,0,0.444744,3.14159,0,3.14159,0,0,0.2625
0.4,0,0.444481,3.14159,0,3.14159,0,0,0.263125
0.4,0,0.444217,3.14159,0,3.14159,0,0,0.26375
0.4,0,0.443953,3.14159,0,3.14159,0,0,0.264375
0.4,0,0.443688,3.14159,0,3.14159,0,0,0.265
0.4,0,0.443422,3.14159,0,3.14159,0,0,0.265625
0.4,0,0.443156,3.14159,0,3.14159,0,0,0.26625
0.4,0,0.442889,3.14159,0,3.14159,0,0,0.266875
0.4,0,0.442621,3.14159,0,3.14159,0,0,0.2675
0.4,0,0.442353,3.14159,0,3.14159,0,0,0.268125
0.4,0,0.442084,3.14159,0,3.14159,0,0,0.26875
0.4,0,0.441815,3.14159,0,3.14159,0,0,0.269375
0.4,0,0.441545,3.14159,0,3.14159,0,0,0.27
0.4,0,0.441274,3.14159,0,3.14159,0,0,0.270625
0.4,0,0.441003,3.14159,0,3.14159,0,0,0.27125
0.4,0,0.440731,3.14159,0,3.14159,0,0,0.271875
0.4,0,0.440459,3.14159,0,3.14159,0,0,0.2725
0.4,0,0.440186,3.14159,0,3.14159,0,0,0.273125
0.4,0,0.439912,3.14159,0,3.14159,0,0,0.27375
0.4,0,0.439638,3.14159,0,3.14159,0,0,0.274375
0.4,0,0.439363,3.14159,0,3.14159,0,0,0.275
0.4,0,0.439087,3.14159,0,3.14159,0,0,0.275625
0.4,0,0.438811,3.14159,0,3.14159,0,0,0.27625
0.4,0,0.438534,3.14159,0,3.14159,0,0,0.276875
0.4,0,0.438256,3.14159,0,3.14159,0,0,0.2775
0.4,0,0.437978,3.14159,0,3.14159,0,0,0.278125
0.4,0,0.437699,3.14159,0,3.14159,0,0,0.27875
0.4,0,0.43742,3.14159,0,3.14159,0,0,0.279375
0.4,0,0.43714,3.14159,0,3.14159,0,0,0.28
0.4,0,0.436859,3.14159,0,3.14159,0,0,0.280625
0.4,0,0.436578,3.14159,0,3.14159,0,0,0.28125
0.4,0,0.436296,3.14159,0,3.14159,0,0,0.281875
0.4,0,0.436014,3.14159,0,3.14159,0,0,0.2825
0.4,0,0.435731,3.14159,0,3.14159,0,0,0.283125
0.4,0,0.435447,3.14159,0,3.14159,0,0,0.28375
0.4,0,0.435163,3.14159,0,3.14159,0,0,0.284375
0.4,0,0.434878,3.14159,0,3.14159,0,0,0.285
0.4,0,0.434592,3.14159,0,3.14159,0,0,0.285625
0.4,0,0.434306,3.14159,0,3.14159,0,0,0.28625
0.4,0,0.434019,3.14159,0,3.14159,0,0,0.286875
0.4,0,0.433731,3.14159,0,3.14159,0,0,0.2875
0.4,0,0.433443,3.14159,0,3.14159,0,0,0.288125
0.4,0,0.433154,3.14159,0,3.14159,0,0,0.28875
0.4,0,0.432865,3.14159,0,3.14159,0,0,0.289375
0.4,0,0.432575,3.14159,0,3.14159,0,0,0.29
0.4,0,0.432284,3.14159,0,3.14159,0,0,0.290625
0.4,0,0.431993,3.14159,0,3.14159,0,0,0.29125
0.4,0,0.431701,3.14159,0,3.14159,0,0,0.291875
0.4,0,0.431409,3.14159,0,3.14159,0,0,0.2925
0.4,0,0.431116,3.14159,0,3.14159,0,0,0.293125
0.4,0,0.430822,3.14159,0,3.14159,0,0,0.29375
0.4,0,0.430528,3.14159,0,3.14159,0,0,0.294375
0.4,0,0.430233,3.14159,0,3.14159,0,0,0.295
0.4,0,0.429937,3.14159,0,3.14159,0,0,0.295625
0.4,0,0.429641,3.14159,0,3.14159,0,0,0.29625
0.4,0,0.429344,3.14159,0,3.14159,0,0,0.296875
0.4,0,0.429046,3.14159,0,3.14159,0,0,0.2975
0.4,0,0.428748,3.14159,0,3.14159,0,0,0.298125
0.4,0,0.428449,3.14159,0,3.14159,0,0,0.29875
0.4,0,0.42815,3.14159,0,3.14159,0,0,0.299375
0.4,0,0.42785,3.14159,0,3.14159,0,0,0.3
0.4,0,0.427549,3.14159,0,3.14159,0,0,0.300625
0.4,0,0.427248,3.14159,0,3.14159,0,0,0.30125
0.4,0,0.426946,3.14159,0,3.14159,0,0,0.301875
0.4,0,0.426644,3.14159,0,3.14159,0,0,0.3025
0.4,0,0.426341,3.14159,0,3.14159,0,0,0.303125
0.4,0,0.426037,3.14159,0,3.14159,0,0,0.30375
0.4,0,0.425733,3.14159,0,3.14159,0,0,0.304375
0.4,0,0.425428,3.14159,0,3.14159,0,0,0.305
0.4,0,0.425122,3.14159,0,3.14159,0,0,0.305625
0.4,0,0.424816,3.14159,0,3.14159,0,0,0.30625
0.4,0,0.424509,3.14159,0,3.14159,0,0,0.306875
0.4,0,0.424201,3.14159,0,3.14159,0,0,0.3075
0.4,0,0.423893,3.14159,0,3.14159,0,0,0.308125
0.4,0,0.423584,3.14159,0,3.14159,0,0,0.30875
0.4,0,0.423275,3.14159,0,3.14159,0,0,0.309375
0.4,0,0.422965,3.14159,0,3.14159,0,0,0.31
0.4,0,0.422654,3.14159,0,3.14159,0,0,0.310625
0.4,0,0.422343,3.14159,0,3.14159,0,0,0.31125
0.4,0,0.422031,3.14159,0,3.14159,0,0,0.311875
0.4,0,0.421719,3.14159,0,3.14159,0,0,0.3125
0.4,0,0.421406,3.14159,0,3.14159,0,0,0.313125
0.4,0,0.421092,3.14159,0,3.14159,0,0,0.31375
0.4,0,0.420778,3.14159,0,3.14159,0,0,0.314375
0.4,0,0.420463,3.14159,0,3.14159,0,0,0.315
0.4,0,0.420147,3.14159,0,3.14159,0,0,0.315625
0.4,0,0.419831,3.14159,0,3.14159,0,0,0.31625
0.4,0,0.419514,3.14159,0,3.14159,0,0,0.316875
0.4,0,0.419196,3.14159,0,3.14159,0,0,0.3175
0.4,0,0.418878,3.14159,0,3.14159,0,0,0.318125
0.4,0,0.418559,3.14159,0,3.14159,0,0,0.31875
0.4,0,0.41824,3.14159,0,3.14159,0,0,0.319375
0.4,0,0.41792,3.14159,0,3.14159,0,0,0.32
0.4,0,0.417599,3.14159,0,3.14159,0,0,0.320625
0.4,0,0.417278,3.14159,0,3.14159,0,0,0.32125
0.4,0,0.416956,3.14159,0,3.14159,0,0,0.321875
0.4,0,0.416634,3.14159,0,3.14159,0,0,0.3225
0.4,0,0.416311,3.14159,0,3.14159,0,0,0.323125
0.4,0,0.415987,3.14159,0,3.14159,0,0,0.32375
0.4,0,0.415663,3.14159,0,3.14159,0,0,0.324375
0.4,0,0.415338,3.14159,0,3.14159,0,0,0.325
0.4,0,0.415012,3.14159,0,3.14159,0,0,0.325625
0.4,0,0.414686,3.14159,0,3.14159,0,0,0.32625
0.4,0,0.414359,3.14159,0,3.14159,0,0,0.326875
0.4,0,0.414031,3.14159,0,3.14159,0,0,0.3275
0.4,0,0.413703,3.14159,0,3.14159,0,0,0.328125
0.4,0,0.413374,3.14159,0,3.14159,0,0,0.32875
0.4,0,0.413045,3.14159,0,3.14159,0,0,0.329375
0.4,0,0.412715,3.14159,0,3.14159,0,0,0.33
0.4,0,0.412384,3.14159,0,3.14159,0,0,0.330625
0.4,0,0.412053,3.14159,0,3.14159,0,0,0.33125
0.4,0,0.411721,3.14159,0,3.14159,0,0,0.331875
0.4,0,0.411389,3.14159,0,3.14159,0,0,0.3325
0.4,0,0.411056,3.14159,0,3.14159,0,0,0.333125
0.4,0,0.410722,3.14159,0,3.14159,0,0,0.33375
0.4,0,0.410388,3.14159,0,3.14159,0,0,0.334375
0.4,0,0.410053,3.14159,0,3.14159,0,0,0.335
0.4,0,0.409717,3.14159,0,3.14159,0,0,0.335625
0.4,0,0.409381,3.14159,0,3.14159,0,0,0.33625
0.4,0,0.409044,3.14159,0,3.14159,0,0,0.336875
0.4,0,0.408706,3.14159,0,3.14159,0,0,0.3375
0.4,0,0.408368,3.14159,0,3.14159,0,0,0.338125
0.4,0,0.408029,3.14159,0,3.14159,0,0,0.33875
0.4,0,0.40769,3.14159,0,3.14159,0,0,0.339375
0.4,0,0.40735,3.14159,0,3.14159,0,0,0.34
0.4,0,0.407009,3.14159,0,3.14159,0,0,0.340625
0.4,0,0.406668,3.14159,0,3.14159,0,0,0.34125
0.4,0,0.406326,3.14159,0,3.14159,0,0,0.341875
0.4,0,0.405984,3.14159,0,3.14159,0,0,0.3425
0.4,0,0.405641,3.14159,0,3.14159,0,0,0.343125
0.4,0,0.405297,3.14159,0,3.14159,0,0,0.34375
0.4,0,0.404953,3.14159,0,3.14159,0,0,0.344375
0.4,0,0.404608,3.14159,0,3.14159,0,0,0.345
0.4,0,0.404262,3.14159,0,3.14159,0,0,0.345625
0.4,0,0.403916,3.14159,0,3.14159,0,0,0.34625
0.4,0,0.403569,3.14159,0,3.14159,0,0,0.346875
0.4,0,0.403221,3.14159,0,3.14159,0,0,0.3475
0.4,0,0.402873,3.14159,0,3.14159,0,0,0.348125
0.4,0,0.402524,3.14159,0,3.14159,0,0,0.34875
0.4,0,0.402175,3.14159,0,3.14159,0,0,0.349375
0.4,0,0.401825,3.14159,0,3.14159,0,0,0.35
0.4,0,0.401474,3.14159,0,3.14159,0,0,0.350625
0.4,0,0.401123,3.14159,0,3.14159,0,0,0.35125
0.4,0,0.400771,3.14159,0,3.14159,0,0,0.351875
0.4,0,0.400419,3.14159,0,3.14159,0,0,0.3525
0.4,0,0.400066,3.14159,0,3.14159,0,0,0.353125
0.4,0,0.399712,3.14159,0,3.14159,0,0,0.35375
0.4,0,0.399358,3.14159,0,3.14159,0,0,0.354375
0.4,0,0.399003,3.14159,0,3.14159,0,0,0.355
0.4,0,0.398647,3.14159,0,3.14159,0,0,0.355625
0.4,0,0.398291,3.14159,0,3.14159,0,0,0.35625
0.4,0,0.397934,3.14159,0,3.14159,0,0,0.356875
0.4,0,0.397576,3.14159,0,3.14159,0,0,0.3575
0.4,0,0.397218,3.14159,0,3.14159,0,0,0.358125
0.4,0,0.396859,3.14159,0,3.14159,0,0,0.35875
0.4,0,0.3965,3.14159,0,3.14159,0,0,0.359375
0.4,0,0.39614,3.14159,0,3.14159,0,0,0.36
0.4,0,0.395779,3.14159,0,3.14159,0,0,0.360625
0.4,0,0.395418,3.14159,0,3.14159,0,0,0.36125
0.4,0,0.395056,3.14159,0,3.14159,0,0,0.361875
0.4,0,0.394694,3.14159,0,3.14159,0,0,0.3625
0.4,0,0.394331,3.14159,0,3.14159,0,0,0.363125
0.4,0,0.393967,3.14159,0,3.14159,0,0,0.36375
0.4,0,0.393603,3.14159,0,3.14159,0,0,0.364375
0.4,0,0.393238,3.14159,0,3.14159,0,0,0.365
0.4,0,0.392872,3.14159,0,3.14159,0,0,0.365625
0.4,0,0.392506,3.14159,0,3.14159,0,0,0.36625
0.4,0,0.392139,3.14159,0,3.14159,0,0,0.366875
0.4,0,0.391771,3.14159,0,3.14159,0,0,0.3675
0.4,0,0.391403,3.14159,0,3.14159,0,0,0.368125
0.4,0,0.391034,3.14159,0,3.14159,0,0,0.36875
0.4,0,0.390665,3.14159,0,3.14159,0,0,0.369375
0.4,0,0.390295,3.14159,0,3.14159,0,0,0.37
0.4,0,0.389924,3.14159,0,3.14159,0,0,0.370625
0.4,0,0.389553,3.14159,0,3.14159,0,0,0.37125
0.4,0,0.389181,3.14159,0,3.14159,0,0,0.371875
0.4,0,0.388809,3.14159,0,3.14159,0,0,0.3725
0.4,0,0.388436,3.14159,0,3.14159,0,0,0.373125
0.4,0,0.388062,3.14159,0,3.14159,0,0,0.37375
0.4,0,0.387688,3.14159,0,3.14159,0,0,0.374375
0.4,0,0.387313,3.14159,0,3.14159,0,0,0.375
0.4,0,0.386937,3.14159,0,3.14159,0,0,0.375625
0.4,0,0.386561,3.14159,0,3.14159,0,0,0.37625
0.4,0,0.386184,3.14159,0,3.14159,0,0,0.376875
0.4,0,0.385806,3.14159,0,3.14159,0,0,0.3775
0.4,0,0.385428,3.14159,0,3.14159,0,0,0.378125
0.4,0,0.385049,3.14159,0,3.14159,0,0,0.37875
0.4,0,0.38467,3.14159,0,3.14159,0,0,0.379375
0.4,0,0.38429,3.14159,0,3.14159,0,0,0.38
0.4,0,0.383909,3.14159,0,3.14159,0,0,0.380625
0.4,0,0.383528,3.14159,0,3.14159,0,0,0.38125
0.4,0,0.383146,3.14159,0,3.14159,0,0,0.381875
0.4,0,0.382764,3.14159,0,3.14159,0,0,0.3825
0.4,0,0.382381,3.14159,0,3.14159,0,0,0.383125
0.4,0,0.381997,3.14159,0,3.14159,0,0,0.38375
0.4,0,0.381613,3.14159,0,3.14159,0,0,0.384375
0.4,0,0.381228,3.14159,0,3.14159,0,0,0.385
0.4,0,0.380842,3.14159,0,3.14159,0,0,0.385625
0.4,0,0.380456,3.14159,0,3.14159,0,0,0.38625
0.4,0,0.380069,3.14159,0,3.14159,0,0,0.386875
0.4,0,0.379681,3.14159,0,3.14159,0,0,0.3875
0.4,0,0.379293,3.14159,0,3.14159,0,0,0.388125
0.4,0,0.378904,3.14159,0,3.14159,0,0,0.38875
0.4,0,0.378515,3.14159,0,3.14159,0,0,0.389375
0.4,0,0.378125,3.14159,0,3.14159,0,0,0.39
0.4,0,0.377734,3.14159,0,3.14159,0,0,0.390625
0.4,0,0.377343,3.14159,0,3.14159,0,0,0.39125
0.4,0,0.376951,3.14159,0,3.14159,0,0,0.391875
0.4,0,0.376559,3.14159,0,3.14159,0,0,0.3925
0.4,0,0.376166,3.14159,0,3.14159,0,0,0.393125
0.4,0,0.375772,3.14159,0,3.14159,0,0,0.39375
0.4,0,0.375378,3.14159,0,3.14159,0,0,0.394375
0.4,0,0.374983,3.14159,0,3.14159,0,0,0.395
0.4,0,0.374587,3.14159,0,3.14159,0,0,0.395625
0.4,0,0.374191,3.14159,0,3.14159,0,0,0.39625
0.4,0,0.373794,3.14159,0,3.14159,0,0,0.396875
0.4,0,0.373396,3.14159,0,3.14159,0,0,0.3975
0.4,0,0.372998,3.14159,0,3.14159,0,0,0.398125
0.4,0,0.372599,3.14159,0,3.14159,0,0,0.39875
0.4,0,0.3722,3.14159,0,3.14159,0,0,0.399375
0.4,0,0.3718,3.14159,0,3.14159,0,0,0.4
0.4,0,0.371399,3.14159,0,3.14159,0,0,0.400625
0.4,0,0.370998,3.14159,0,3.14159,0,0,0.40125
0.4,0,0.370596,3.14159,0,3.14159,0,0,0.401875
0.4,0,0.370194,3.14159,0,3.14159,0,0,0.4025
0.4,0,0.369791,3.14159,0,3.14159,0,0,0.403125
0.4,0,0.369387,3.14159,0,3.14159,0,0,0.40375
0.4,0,0.368983,3.14159,0,3.14159,0,0,0.404375
0.4,0,0.368578,3.14159,0,3.14159,0,0,0.405
0.4,0,0.368172,3.14159,0,3.14159,0,0,0.405625
0.4,0,0.367766,3.14159,0,3.14159,0,0,0.40625
0.4,0,0.367359,3.14159,0,3.14159,0,0,0.406875
0.4,0,0.366951,3.14159,0,3.14159,0,0,0.4075
0.4,0,0.366543,3.14159,0,3.14159,0,0,0.408125
0.4,0,0.366134,3.14159,0,3.14159,0,0,0.40875
0.4,0,0.365725,3.14159,0,3.14159,0,0,0.409375
0.4,0,0.365315,3.14159,0,3.14159,0,0,0.41
0.4,0,0.364904,3.14159,0,3.14159,0,0,0.410625
0.4,0,0.364493,3.14159,0,3.14159,0,0,0.41125
0.4,0,0.364081,3.14159,0,3.14159,0,0,0.411875
0.4,0,0.363669,3.14159,0,3.14159,0,0,0.4125
0.4,0,0.363256,3.14159,0,3.14159,0,0,0.413125
0.4,0,0.362842,3.14159,0,3.14159,0,0,0.41375
0.4,0,0.362428,3.14159,0,3.14159,0,0,0.414375
0.4,0,0.362013,3.14159,0,3.14159,0,0,0.415
0.4,0,0.361597,3.14159,0,3.14159,0,0,0.415625
0.4,0,0.361181,3.14159,0,3.14159,0,0,0.41625
0.4,0,0.360764,3.14159,0,3.14159,0,0,0.416875
0.4,0,0.360346,3.14159,0,3.14159,0,0,0.4175
0.4,0,0.359928,3.14159,0,3.14159,0,0,0.418125
0.4,0,0.359509,3.14159,0,3.14159,0,0,0.41875
0.4,0,0.35909,3.14159,0,3.14159,0,0,0.419375
0.4,0,0.35867,3.14159,0,3.14159,0,0,0.42
0.4,0,0.358249,3.14159,0,3.14159,0,0,0.420625
0.4,0,0.357828,3.14159,0,3.14159,0,0,0.42125
0.4,0,0.357406,3.14159,0,3.14159,0,0,0.421875
0.4,0,0.356984,3.14159,0,3.14159,0,0,0.4225
0.4,0,0.356561,3.14159,0,3.14159,0,0,0.423125
0.4,0,0.356137,3.14159,0,3.14159,0,0,0.42375
0.4,0,0.355713,3.14159,0,3.14159,0,0,0.424375
0.4,0,0.355288,3.14159,0,3.14159,0,0,0.425
0.4,0,0.354862,3.14159,0,3.14159,0,0,0.425625
0.4,0,0.354436,3.14159,0,3.14159,0,0,0.42625
0.4,0,0.354009,3.14159,0,3.14159,0,0,0.426875
0.4,0,0.353581,3.14159,0,3.14159,0,0,0.4275
0.4,0,0.353153,3.14159,0,3.14159,0,0,0.428125
0.4,0,0.352724,3.14159,0,3.14159,0,0,0.42875
0.4,0,0.352295,3.14159,0,3.14159,0,0,0.429375
0.4,0,0.351865,3.14159,0,3.14159,0,0,0.43
0.4,0,0.351434,3.14159,0,3.14159,0,0,0.430625
0.4,0,0.351003,3.14159,0,3.14159,0,0,0.43125
0.4,0,0.350571,3.14159,0,3.14159,0,0,0.431875
0.4,0,0.350139,3.14159,0,3.14159,0,0,0.4325
0.4,0,0.349706,3.14159,0,3.14159,0,0,0.433125
0.4,0,0.349272,3.14159,0,3.14159,0,0,0.43375
0.4,0,0.348838,3.14159,0,3.14159,0,0,0.434375
0.4,0,0.348403,3.14159,0,3.14159,0,0,0.435
0.4,0,0.347967,3.14159,0,3.14159,0,0,0.435625
0.4,0,0.347531,3.14159,0,3.14159,0,0,0.43625
0.4,0,0.347094,3.14159,0,3.14159,0,0,0.436875
0.4,0,0.346656,3.14159,0,3.14159,0,0,0.4375
0.4,0,0.346218,3.14159,0,3.14159,0,0,0.438125
0.4,0,0.345779,3.14159,0,3.14159,0,0,0.43875
0.4,0,0.34534,3.14159,0,3.14159,0,0,0.439375
0.4,0,0.3449,3.14159,0,3.14159,0,0,0.44
0.4,0,0.344459,3.14159,0,3.14159,0,0,0.440625
0.4,0,0.344018,3.14159,0,3.14159,0,0,0.44125
0.4,0,0.343576,3.14159,0,3.14159,0,0,0.441875
0.4,0,0.343134,3.14159,0,3.14159,0,0,0.4425
0.4,0,0.342691,3.14159,0,3.14159,0,0,0.443125
0.4,0,0.342247,3.14159,0,3.14159,0,0,0.44375
0.4,0,0.341803,3.14159,0,3.14159,0,0,0.444375
0.4,0,0.341358,3.14159,0,3.14159,0,0,0.445
0.4,0,0.340912,3.14159,0,3.14159,0,0,0.445625
0.4,0,0.340466,3.14159,0,3.14159,0,0,0.44625
0.4,0,0.340019,3.14159,0,3.14159,0,0,0.446875
0.4,0,0.339571,3.14159,0,3.14159,0,0,0.4475
0.4,0,0.339123,3.14159,0,3.14159,0,0,0.448125
0.4,0,0.338674,3.14159,0,3.14159,0,0,0.44875
0.4,0,0.338225,3.14159,0,3.14159,0,0,0.449375
0.4,0,0.337775,3.14159,0,3.14159,0,0,0.45
0.4,0,0.337324,3.14159,0,3.14159,0,0,0.450625
0.4,0,0.336873,3.14159,0,3.14159,0,0,0.45125
0.4,0,0.336421,3.14159,0,3.14159,0,0,0.451875
0.4,0,0.335969,3.14159,0,3.14159,0,0,0.4525
0.4,0,0.335516,3.14159,0,3.14159,0,0,0.453125
0.4,0,0.335062,3.14159,0,3.14159,0,0,0.45375
0.4,0,0.334608,3.14159,0,3.14159,0,0,0.454375
0.4,0,0.334153,3.14159,0,3.14159,0,0,0.455
0.4,0,0.333697,3.14159,0,3.14159,0,0,0.455625
0.4,0,0.333241,3.14159,0,3.14159,0,0,0.45625
0.4,0,0.332784,3.14159,0,3.14159,0,0,0.456875
0.4,0,0.332326,3.14159,0,3.14159,0,0,0.4575
0.4,0,0.331868,3.14159,0,3.14159,0,0,0.458125
0.4,0,0.331409,3.14159,0,3.14159,0,0,0.45875
0.4,0,0.33095,3.14159,0,3.14159,0,0,0.459375
0.4,0,0.33049,3.14159,0,3.14159,0,0,0.46
0.4,0,0.330029,3.14159,0,3.14159,0,0,0.460625
0.4,0,0.329568,3.14159,0,3.14159,0,0,0.46125
0.4,0,0.329106,3.14159,0,3.14159,0,0,0.461875
0.4,0,0.328644,3.14159,0,3.14159,0,0,0.4625
0.4,0,0.328181,3.14159,0,3.14159,0,0,0.463125
0.4,0,0.327717,3.14159,0,3.14159,0,0,0.46375
0.4,0,0.327253,3.14159,0,3.14159,0,0,0.464375
0.4,0,0.326788,3.14159,0,3.14159,0,0,0.465
0.4,0,0.326322,3.14159,0,3.14159,0,0,0.465625
0.4,0,0.325856,3.14159,0,3.14159,0,0,0.46625
0.4,0,0.325389,3.14159,0,3.14159,0,0,0.466875
0.4,0,0.324921,3.14159,0,3.14159,0,0,0.4675
0.4,0,0.324453,3.14159,0,3.14159,0,0,0.468125
0.4,0,0.323984,3.14159,0,3.14159,0,0,0.46875
0.4,0,0.323515,3.14159,0,3.14159,0,0,0.469375
0.4,0,0.323045,3.14159,0,3.14159,0,0,0.47
0.4,0,0.322574,3.14159,0,3.14159,0,0,0.470625
0.4,0,0.322103,3.14159,0,3.14159,0,0,0.47125
0.4,0,0.321631,3.14159,0,3.14159,0,0,0.471875
0.4,0,0.321159,3.14159,0,3.14159,0,0,0.4725
0.4,0,0.320686,3.14159,0,3.14159,0,0,0.473125
0.4,0,0.320212,3.14159,0,3.14159,0,0,0.47375
0.4,0,0.319738,3.14159,0,3.14159,0,0,0.474375
0.4,0,0.319263,3.14159,0,3.14159,0,0,0.475
0.4,0,0.318787,3.14159,0,3.14159,0,0,0.475625
0.4,0,0.318311,3.14159,0,3.14159,0,0,0.47625
0.4,0,0.317834,3.14159,0,3.14159,0,0,0.476875
0.4,0,0.317356,3.14159,0,3.14159,0,0,0.4775
0.4,0,0.316878,3.14159,0,3.14159,0,0,0.478125
0.4,0,0.316399,3.14159,0,3.14159,0,0,0.47875
0.4,0,0.31592,3.14159,0,3.14159,0,0,0.479375
0.4,0,0.31544,3.14159,0,3.14159,0,0,0.48
0.4,0,0.314959,3.14159,0,3.14159,0,0,0.480625
0.4,0,0.314478,3.14159,0,3.14159,0,0,0.48125
0.4,0,0.313996,3.14159,0,3.14159,0,0,0.481875
0.4,0,0.313514,3.14159,0,3.14159,0,0,0.4825
0.4,0,0.313031,3.14159,0,3.14159,0,0,0.483125
0.4,0,0.312547,3.14159,0,3.14159,0,0,0.48375
0.4,0,0.312063,3.14159,0,3.14159,0,0,0.484375
0.4,0,0.311578,3.14159,0,3.14159,0,0,0.485
0.4,0,0.311092,3.14159,0,3.14159,0,0,0.485625
0.4,0,0.310606,3.14159,0,3.14159,0,0,0.48625
0.4,0,0.310119,3.14159,0,3.14159,0,0,0.486875
0.4,0,0.309631,3.14159,0,3.14159,0,0,0.4875
0.4,0,0.309143,3.14159,0,3.14159,0,0,0.488125
0.4,0,0.308654,3.14159,0,3.14159,0,0,0.48875
0.4,0,0.308165,3.14159,0,3.14159,0,0,0.489375
0.4,0,0.307675,3.14159,0,3.14159,0,0,0.49
0.4,0,0.307184,3.14159,0,3.14159,0,0,0.490625
0.4,0,0.306693,3.14159,0,3.14159,0,0,0.49125
0.4,0,0.306201,3.14159,0,3.14159,0,0,0.491875
0.4,0,0.305709,3.14159,0,3.14159,0,0,0.4925
0.4,0,0.305216,3.14159,0,3.14159,0,0,0.493125
0.4,0,0.304722,3.14159,0,3.14159,0,0,0.49375
0.4,0,0.304228,3.14159,0,3.14159,0,0,0.494375
0.4,0,0.303733,3.14159,0,3.14159,0,0,0.495
0.4,0,0.303237,3.14159,0,3.14159,0,0,0.495625
0.4,0,0.302741,3.14159,0,3.14159,0,0,0.49625
0.4,0,0.302244,3.14159,0,3.14159,0,0,0.496875
0.4,0,0.301746,3.14159,0,3.14159,0,0,0.4975
0.4,0,0.301248,3.14159,0,3.14159,0,0,0.498125
0.4,0,0.300749,3.14159,0,3.14159,0,0,0.49875
0.4,0,0.30025,3.14159,0,3.14159,0,0,0.499375
0.4,0,0.29975,3.14159,0,3.14159,0,0,0.5
0.4,0,0.29925,3.14159,0,3.14159,0,0,0.5
0.4,0,0.29875,3.14159,0,3.14159,0,0,0.5
0.4,0,0.29825,3.14159,0,3.14159,0,0,0.5
0.4,0,0.29775,3.14159,0,3.14159,0,0,0.5
0.4,0,0.29725,3.14159,0,3.14159,0,0,0.5
0.4,0,0.29675,3.14159,0,3.14159,0,0,0.5
0.4,0,0.29625,3.14159,0,3.14159,0,0,0.5
0.4,0,0.29575,3.14159,0,3.14159,0,0,0.5
0.4,0,0.29525,3.14159,0,3.14159,0,0,0.5
0.4,0,0.29475,3.14159,0,3.14159,0,0,0.5
0.4,0,0.29425,3.14159,0,3.14159,0,0,0.5
0.4,0,0.29375,3.14159,0,3.14159,0,0,0.5
0.4,0,0.29325,3.14159,0,3.14159,0,0,0.5
0.4,0,0.29275,3.14159,0,3.14159,0,0,0.5
0.4,0,0.29225,3.14159,0,3.14159,0,0,0.5
0.4,0,0.29175,3.14159,0,3.14159,0,0,0.5
0.4,0,0.29125,3.14159,0,3.14159,0,0,0.5
0.4,0,0.29075,3.14159,0,3.14159,0,0,0.5
0.4,0,0.29025,3.14159,0,3.14159,0,0,0.5
0.4,0,0.28975,3.14159,0,3.14159,0,0,0.5
0.4,0,0.28925,3.14159,0,3.14159,0,0,0.5
0.4,0,0.28875,3.14159,0,3.14159,0,0,0.5
0.4,0,0.28825,3.14159,0,3.14159,0,0,0.5
0.4,0,0.28775,3.14159,0,3.14159,0,0,0.5
0.4,0,0.28725,3.14159,0,3.14159,0,0,0.5
0.4,0,0.28675,3.14159,0,3.14159,0,0,0.5
0.4,0,0.28625,3.14159,0,3.14159,0,0,0.5
0.4,0,0.28575,3.14159,0,3.14159,0,0,0.5
0.4,0,0.28525,3.14159,0,3.14159,0,0,0.5
0.4,0,0.28475,3.14159,0,3.14159,0,0,0.5
0.4,0,0.28425,3.14159,0,3.14159,0,0,0.5
0.4,0,0.28375,3.14159,0,3.14159,0,0,0.5
0.4,0,0.28325,3.14159,0,3.14159,0,0,0.5
0.4,0,0.28275,3.14159,0,3.14159,0,0,0.5
0.4,0,0.28225,3.14159,0,3.14159,0,0,0.5
0.4,0,0.28175,3.14159,0,3.14159,0,0,0.5
0.4,0,0.28125,3.14159,0,3.14159,0,0,0.5
0.4,0,0.28075,3.14159,0,3.14159,0,0,0.5
0.4,0,0.28025,3.14159,0,3.14159,0,0,0.5
0.4,0,0.27975,3.14159,0,3.14159,0,0,0.5
0.4,0,0.27925,3.14159,0,3.14159,0,0,0.5
0.4,0,0.27875,3.14159,0,3.14159,0,0,0.5
0.4,0,0.27825,3.14159,0,3.14159,0,0,0.5
0.4,0,0.27775,3.14159,0,3.14159,0,0,0.5
0.4,0,0.27725,3.14159,0,3.14159,0,0,0.5
0.4,0,0.27675,3.14159,0,3.14159,0,0,0.5
0.4,0,0.27625,3.14159,0,3.14159,0,0,0.5
0.4,0,0.27575,3.14159,0,3.14159,0,0,0.5
0.4,0,0.27525,3.14159,0,3.14159,0,0,0.5
0.4,0,0.27475,3.14159,0,3.14159,0,0,0.5
0.4,0,0.27425,3.14159,0,3.14159,0,0,0.5
0.4,0,0.27375,3.14159,0,3.14159,0,0,0.5
0.4,0,0.27325,3.14159,0,3.14159,0,0,0.5
0.4,0,0.27275,3.14159,0,3.14159,0,0,0.5
0.4,0,0.27225,3.14159,0,3.14159,0,0,0.5
0.4,0,0.27175,3.14159,0,3.14159,0,0,0.5
0.4,0,0.27125,3.14159,0,3.14159,0,0,0.5
0.4,0,0.27075,3.14159,0,3.14159,0,0,0.5
0.4,0,0.27025,3.14159,0,3.14159,0,0,0.5
0.4,0,0.26975,3.14159,0,3.14159,0,0,0.5
0.4,0,0.26925,3.14159,0,3.14159,0,0,0.5
0.4,0,0.26875,3.14159,0,3.14159,0,0,0.5
0.4,0,0.26825,3.14159,0,3.14159,0,0,0.5
0.4,0,0.26775,3.14159,0,3.14159,0,0,0.5
0.4,0,0.26725,3.14159,0,3.14159,0,0,0.5
0.4,0,0.26675,3.14159,0,3.14159,0,0,0.5
0.4,0,0.26625,3.14159,0,3.14159,0,0,0.5
0.4,0,0.26575,3.14159,0,3.14159,0,0,0.5
0.4,0,0.26525,3.14159,0,3.14159,0,0,0.5
0.4,0,0.26475,3.14159,0,3.14159,0,0,0.5
0.4,0,0.26425,3.14159,0,3.14159,0,0,0.5
0.4,0,0.26375,3.14159,0,3.14159,0,0,0.5
0.4,0,0.26325,3.14159,0,3.14159,0,0,0.5
0.4,0,0.26275,3.14159,0,3.14159,0,0,0.5
0.4,0,0.26225,3.14159,0,3.14159,0,0,0.5
0.4,0,0.26175,3.14159,0,3.14159,0,0,0.5
0.4,0,0.26125,3.14159,0,3.14159,0,0,0.5
0.4,0,0.26075,3.14159,0,3.14159,0,0,0.5
0.4,0,0.26025,3.14159,0,3.14159,0,0,0.5
0.4,0,0.25975,3.14159,0,3.14159,0,0,0.5
0.4,0,0.25925,3.14159,0,3.14159,0,0,0.5
0.4,0,0.25875,3.14159,0,3.14159,0,0,0.5
0.4,0,0.25825,3.14159,0,3.14159,0,0,0.5
0.4,0,0.25775,3.14159,0,3.14159,0,0,0.5
0.4,0,0.25725,3.14159,0,3.14159,0,0,0.5
0.4,0,0.25675,3.14159,0,3.14159,0,0,0.5
0.4,0,0.25625,3.14159,0,3.14159,0,0,0.5
0.4,0,0.25575,3.14159,0,3.14159,0,0,0.5
0.4,0,0.25525,3.14159,0,3.14159,0,0,0.5
0.4,0,0.25475,3.14159,0,3.14159,0,0,0.5
0.4,0,0.25425,3.14159,0,3.14159,0,0,0.5
0.4,0,0.25375,3.14159,0,3.14159,0,0,0.5
0.4,0,0.25325,3.14159,0,3.14159,0,0,0.5
0.4,0,0.25275,3.14159,0,3.14159,0,0,0.5
0.4,0,0.25225,3.14159,0,3.14159,0,0,0.5
0.4,0,0.25175,3.14159,0,3.14159,0,0,0.5
0.4,0,0.25125,3.14159,0,3.14159,0,0,0.5
0.4,0,0.25075,3.14159,0,3.14159,0,0,0.5
0.4,0,0.25025,3.14159,0,3.14159,0,0,0.5
0.4,0,0.24975,3.14159,0,3.14159,0,0,0.5
0.4,0,0.24925,3.14159,0,3.14159,0,0,0.5
0.4,0,0.24875,3.14159,0,3.14159,0,0,0.5
0.4,0,0.24825,3.14159,0,3.14159,0,0,0.5
0.4,0,0.24775,3.14159,0,3.14159,0,0,0.5
0.4,0,0.24725,3.14159,0,3.14159,0,0,0.5
0.4,0,0.24675,3.14159,0,3.14159,0,0,0.5
0.4,0,0.24625,3.14159,0,3.14159,0,0,0.5
0.4,0,0.24575,3.14159,0,3.14159,0,0,0.5
0.4,0,0.24525,3.14159,0,3.14159,0,0,0.5
0.4,0,0.24475,3.14159,0,3.14159,0,0,0.5
0.4,0,0.24425,3.14159,0,3.14159,0,0,0.5
0.4,0,0.24375,3.14159,0,3.14159,0,0,0.5
0.4,0,0.24325,3.14159,0,3.14159,0,0,0.5
0.4,0,0.24275,3.14159,0,3.14159,0,0,0.5
0.4,0,0.24225,3.14159,0,3.14159,0,0,0.5
0.4,0,0.24175,3.14159,0,3.14159,0,0,0.5
0.4,0,0.24125,3.14159,0,3.14159,0,0,0.5
0.4,0,0.24075,3.14159,0,3.14159,0,0,0.5
0.4,0,0.24025,3.14159,0,3.14159,0,0,0.5
0.4,0,0.23975,3.14159,0,3.14159,0,0,0.5
0.4,0,0.23925,3.14159,0,3.14159,0,0,0.5
0.4,0,0.23875,3.14159,0,3.14159,0,0,0.5
0.4,0,0.23825,3.14159,0,3.14159,0,0,0.5
0.4,0,0.23775,3.14159,0,3.14159,0,0,0.5
0.4,0,0.23725,3.14159,0,3.14159,0,0,0.5
0.4,0,0.23675,3.14159,0,3.14159,0,0,0.5
0.4,0,0.23625,3.14159,0,3.14159,0,0,0.5
0.4,0,0.23575,3.14159,0,3.14159,0,0,0.5
0.4,0,0.23525,3.14159,0,3.14159,0,0,0.5
0.4,0,0.23475,3.14159,0,3.14159,0,0,0.5
0.4,0,0.23425,3.14159,0,3.14159,0,0,0.5
0.4,0,0.23375,3.14159,0,3.14159,0,0,0.5
0.4,0,0.23325,3.14159,0,3.14159,0,0,0.5
0.4,0,0.23275,3.14159,0,3.14159,0,0,0.5
0.4,0,0.23225,3.14159,0,3.14159,0,0,0.5
0.4,0,0.23175,3.14159,0,3.14159,0,0,0.5
0.4,0,0.23125,3.14159,0,3.14159,0,0,0.5
0.4,0,0.23075,3.14159,0,3.14159,0,0,0.5
0.4,0,0.23025,3.14159,0,3.14159,0,0,0.5
0.4,0,0.22975,3.14159,0,3.14159,0,0,0.5
0.4,0,0.22925,3.14159,0,3.14159,0,0,0.5
0.4,0,0.22875,3.14159,0,3.14159,0,0,0.5
0.4,0,0.22825,3.14159,0,3.14159,0,0,0.5
0.4,0,0.22775,3.14159,0,3.14159,0,0,0.5
0.4,0,0.22725,3.14159,0,3.14159,0,0,0.5
0.4,0,0.22675,3.14159,0,3.14159,0,0,0.5
0.4,0,0.22625,3.14159,0,3.14159,0,0,0.5
0.4,0,0.22575,3.14159,0,3.14159,0,0,0.5
0.4,0,0.22525,3.14159,0,3.14159,0,0,0.5
0.4,0,0.22475,3.14159,0,3.14159,0,0,0.5
0.4,0,0.22425,3.14159,0,3.14159,0,0,0.5
0.4,0,0.22375,3.14159,0,3.14159,0,0,0.5
0.4,0,0.22325,3.14159,0,3.14159,0,0,0.5
0.4,0,0.22275,3.14159,0,3.14159,0,0,0.5
0.4,0,0.22225,3.14159,0,3.14159,0,0,0.5
0.4,0,0.22175,3.14159,0,3.14159,0,0,0.5
0.4,0,0.22125,3.14159,0,3.14159,0,0,0.5
0.4,0,0.22075,3.14159,0,3.14159,0,0,0.5
0.4,0,0.22025,3.14159,0,3.14159,0,0,0.5
0.4,0,0.21975,3.14159,0,3.14159,0,0,0.5
0.4,0,0.21925,3.14159,0,3.14159,0,0,0.5
0.4,0,0.21875,3.14159,0,3.14159,0,0,0.5
0.4,0,0.21825,3.14159,0,3.14159,0,0,0.5
0.4,0,0.21775,3.14159,0,3.14159,0,0,0.5
0.4,0,0.21725,3.14159,0,3.14159,0,0,0.5
0.4,0,0.21675,3.14159,0,3.14159,0,0,0.5
0.4,0,0.21625,3.14159,0,3.14159,0,0,0.5
0.4,0,0.21575,3.14159,0,3.14159,0,0,0.5
0.4,0,0.21525,3.14159,0,3.14159,0,0,0.5
0.4,0,0.21475,3.14159,0,3.14159,0,0,0.5
0.4,0,0.21425,3.14159,0,3.14159,0,0,0.5
0.4,0,0.21375,3.14159,0,3.14159,0,0,0.5
0.4,0,0.21325,3.14159,0,3.14159,0,0,0.5
0.4,0,0.21275,3.14159,0,3.14159,0,0,0.5
0.4,0,0.21225,3.14159,0,3.14159,0,0,0.5
0.4,0,0.21175,3.14159,0,3.14159,0,0,0.5
0.4,0,0.21125,3.14159,0,3.14159,0,0,0.5
0.4,0,0.21075,3.14159,0,3.14159,0,0,0.5
0.4,0,0.21025,3.14159,0,3.14159,0,0,0.5
0.4,0,0.20975,3.14159,0,3.14159,0,0,0.5
0.4,0,0.20925,3.14159,0,3.14159,0,0,0.5
0.4,0,0.20875,3.14159,0,3.14159,0,0,0.5
0.4,0,0.20825,3.14159,0,3.14159,0,0,0.5
0.4,0,0.20775,3.14159,0,3.14159,0,0,0.5
0.4,0,0.20725,3.14159,0,3.14159,0,0,0.5
0.4,0,0.20675,3.14159,0,3.14159,0,0,0.5
0.4,0,0.20625,3.14159,0,3.14159,0,0,0.5
0.4,0,0.20575,3.14159,0,3.14159,0,0,0.5
0.4,0,0.20525,3.14159,0,3.14159,0,0,0.5
0.4,0,0.20475,3.14159,0,3.14159,0,0,0.5
0.4,0,0.20425,3.14159,0,3.14159,0,0,0.5
0.4,0,0.20375,3.14159,0,3.14159,0,0,0.5
0.4,0,0.20325,3.14159,0,3.14159,0,0,0.5
0.4,0,0.20275,3.14159,0,3.14159,0,0,0.5
0.4,0,0.20225,3.14159,0,3.14159,0,0,0.5
0.4,0,0.20175,3.14159,0,3.14159,0,0,0.5
0.4,0,0.20125,3.14159,0,3.14159,0,0,0.5
0.4,0,0.20075,3.14159,0,3.14159,0,0,0.5
0.4,0,0.20025,3.14159,0,3.14159,0,0,0.5
0.4,0,0.19975,3.14159,0,3.14159,0,0,0.5
0.4,0,0.199253,3.14159,0,3.14159,0,0,0.4975
0.4,0,0.198758,3.14159,0,3.14159,0,0,0.495
0.4,0,0.198265,3.14159,0,3.14159,0,0,0.4925
0.4,0,0.197775,3.14159,0,3.14159,0,0,0.49
0.4,0,0.197288,3.14159,0,3.14159,0,0,0.4875
0.4,0,0.196803,3.14159,0,3.14159,0,0,0.485
0.4,0,0.19632,3.14159,0,3.14159,0,0,0.4825
0.4,0,0.19584,3.14159,0,3.14159,0,0,0.48
0.4,0,0.195363,3.14159,0,3.14159,0,0,0.4775
0.4,0,0.194888,3.14159,0,3.14159,0,0,0.475
0.4,0,0.194415,3.14159,0,3.14159,0,0,0.4725
0.4,0,0.193945,3.14159,0,3.14159,0,0,0.47
0.4,0,0.193478,3.14159,0,3.14159,0,0,0.4675
0.4,0,0.193013,3.14159,0,3.14159,0,0,0.465
0.4,0,0.19255,3.14159,0,3.14159,0,0,0.4625
0.4,0,0.19209,3.14159,0,3.14159,0,0,0.46
0.4,0,0.191633,3.14159,0,3.14159,0,0,0.4575
0.4,0,0.191178,3.14159,0,3.14159,0,0,0.455
0.4,0,0.190725,3.14159,0,3.14159,0,0,0.4525
0.4,0,0.190275,3.14159,0,3.14159,0,0,0.45
0.4,0,0.189828,3.14159,0,3.14159,0,0,0.4475
0.4,0,0.189383,3.14159,0,3.14159,0,0,0.445
0.4,0,0.18894,3.14159,0,3.14159,0,0,0.4425
0.4,0,0.1885,3.14159,0,3.14159,0,0,0.44
0.4,0,0.188063,3.14159,0,3.14159,0,0,0.4375
0.4,0,0.187628,3.14159,0,3.14159,0,0,0.435
0.4,0,0.187195,3.14159,0,3.14159,0,0,0.4325
0.4,0,0.186765,3.14159,0,3.14159,0,0,0.43
0.4,0,0.186338,3.14159,0,3.14159,0,0,0.4275
0.4,0,0.185913,3.14159,0,3.14159,0,0,0.425
0.4,0,0.18549,3.14159,0,3.14159,0,0,0.4225
0.4,0,0.18507,3.14159,0,3.14159,0,0,0.42
0.4,0,0.184653,3.14159,0,3.14159,0,0,0.4175
0.4,0,0.184238,3.14159,0,3.14159,0,0,0.415
0.4,0,0.183825,3.14159,0,3.14159,0,0,0.4125
0.4,0,0.183415,3.14159,0,3.14159,0,0,0.41
0.4,0,0.183008,3.14159,0,3.14159,0,0,0.4075
0.4,0,0.182603,3.14159,0,3.14159,0,0,0.405
0.4,0,0.1822,3.14159,0,3.14159,0,0,0.4025
0.4,0,0.1818,3.14159,0,3.14159,0,0,0.4
0.4,0,0.181403,3.14159,0,3.14159,0,0,0.3975
0.4,0,0.181008,3.14159,0,3.14159,0,0,0.395
0.4,0,0.180615,3.14159,0,3.14159,0,0,0.3925
0.4,0,0.180225,3.14159,0,3.14159,0,0,0.39
0.4,0,0.179838,3.14159,0,3.14159,0,0,0.3875
0.4,0,0.179453,3.14159,0,3.14159,0,0,0.385
0.4,0,0.17907,3.14159,0,3.14159,0,0,0.3825
0.4,0,0.17869,3.14159,0,3.14159,0,0,0.38
0.4,0,0.178313,3.14159,0,3.14159,0,0,0.3775
0.4,0,0.177938,3.14159,0,3.14159,0,0,0.375
0.4,0,0.177565,3.14159,0,3.14159,0,0,0.3725
0.4,0,0.177195,3.14159,0,3.14159,0,0,0.37
0.4,0,0.176828,3.14159,0,3.14159,0,0,0.3675
0.4,0,0.176463,3.14159,0,3.14159,0,0,0.365
0.4,0,0.1761,3.14159,0,3.14159,0,0,0.3625
0.4,0,0.17574,3.14159,0,3.14159,0,0,0.36
0.4,0,0.175383,3.14159,0,3.14159,0,0,0.3575
0.4,0,0.175028,3.14159,0,3.14159,0,0,0.355
0.4,0,0.174675,3.14159,0,3.14159,0,0,0.3525
0.4,0,0.174325,3.14159,0,3.14159,0,0,0.35
0.4,0,0.173978,3.14159,0,3.14159,0,0,0.3475
0.4,0,0.173633,3.14159,0,3.14159,0,0,0.345
0.4,0,0.17329,3.14159,0,3.14159,0,0,0.3425
0.4,0,0.17295,3.14159,0,3.14159,0,0,0.34
0.4,0,0.172613,3.14159,0,3.14159,0,0,0.3375
0.4,0,0.172278,3.14159,0,3.14159,0,0,0.335
0.4,0,0.171945,3.14159,0,3.14159,0,0,0.3325
0.4,0,0.171615,3.14159,0,3.14159,0,0,0.33
0.4,0,0.171288,3.14159,0,3.14159,0,0,0.3275
0.4,0,0.170963,3.14159,0,3.14159,0,0,0.325
0.4,0,0.17064,3.14159,0,3.14159,0,0,0.3225
0.4,0,0.17032,3.14159,0,3.14159,0,0,0.32
0.4,0,0.170003,3.14159,0,3.14159,0,0,0.3175
0.4,0,0.169688,3.14159,0,3.14159,0,0,0.315
0.4,0,0.169375,3.14159,0,3.14159,0,0,0.3125
0.4,0,0.169065,3.14159,0,3.14159,0,0,0.31
0.4,0,0.168758,3.14159,0,3.14159,0,0,0.3075
0.4,0,0.168453,3.14159,0,3.14159,0,0,0.305
0.4,0,0.16815,3.14159,0,3.14159,0,0,0.3025
0.4,0,0.16785,3.14159,0,3.14159,0,0,0.3
0.4,0,0.167553,3.14159,0,3.14159,0,0,0.2975
0.4,0,0.167258,3.14159,0,3.14159,0,0,0.295
0.4,0,0.166965,3.14159,0,3.14159,0,0,0.2925
0.4,0,0.166675,3.14159,0,3.14159,0,0,0.29
0.4,0,0.166388,3.14159,0,3.14159,0,0,0.2875
0.4,0,0.166103,3.14159,0,3.14159,0,0,0.285
0.4,0,0.16582,3.14159,0,3.14159,0,0,0.2825
0.4,0,0.16554,3.14159,0,3.14159,0,0,0.28
0.4,0,0.165263,3.14159,0,3.14159,0,0,0.2775
0.4,0,0.164988,3.14159,0,3.14159,0,0,0.275
0.4,0,0.164715,3.14159,0,3.14159,0,0,0.2725
0.4,0,0.164445,3.14159,0,3.14159,0,0,0.27
0.4,0,0.164178,3.14159,0,3.14159,0,0,0.2675
0.4,0,0.163913,3.14159,0,3.14159,0,0,0.265
0.4,0,0.16365,3.14159,0,3.14159,0,0,0.2625
0.4,0,0.16339,3.14159,0,3.14159,0,0,0.26
0.4,0,0.163133,3.14159,0,3.14159,0,0,0.2575
0.4,0,0.162878,3.14159,0,3.14159,0,0,0.255
0.4,0,0.162625,3.14159,0,3.14159,0,0,0.2525
0.4,0,0.162375,3.14159,0,3.14159,0,0,0.25
0.4,0,0.162128,3.14159,0,3.14159,0,0,0.2475
0.4,0,0.161883,3.14159,0,3.14159,0,0,0.245
0.4,0,0.16164,3.14159,0,3.14159,0,0,0.2425
0.4,0,0.1614,3.14159,0,3.14159,0,0,0.24
0.4,0,0.161163,3.14159,0,3.14159,0,0,0.2375
0.4,0,0.160928,3.14159,0,3.14159,0,0,0.235
0.4,0,0.160695,3.14159,0,3.14159,0,0,0.2325
0.4,0,0.160465,3.14159,0,3.14159,0,0,0.23
0.4,0,0.160238,3.14159,0,3.14159,0,0,0.2275
0.4,0,0.160013,3.14159,0,3.14159,0,0,0.225
0.4,0,0.15979,3.14159,0,3.14159,0,0,0.2225
0.4,0,0.15957,3.14159,0,3.14159,0,0,0.22
0.4,0,0.159353,3.14159,0,3.14159,0,0,0.2175
0.4,0,0.159138,3.14159,0,3.14159,0,0,0.215
0.4,0,0.158925,3.14159,0,3.14159,0,0,0.2125
0.4,0,0.158715,3.14159,0,3.14159,0,0,0.21
0.4,0,0.158508,3.14159,0,3.14159,0,0,0.2075
0.4,0,0.158303,3.14159,0,3.14159,0,0,0.205
0.4,0,0.1581,3.14159,0,3.14159,0,0,0.2025
0.4,0,0.1579,3.14159,0,3.14159,0,0,0.2
0.4,0,0.157703,3.14159,0,3.14159,0,0,0.1975
0.4,0,0.157508,3.14159,0,3.14159,0,0,0.195
0.4,0,0.157315,3.14159,0,3.14159,0,0,0.1925
0.4,0,0.157125,3.14159,0,3.14159,0,0,0.19
0.4,0,0.156938,3.14159,0,3.14159,0,0,0.1875
0.4,0,0.156753,3.14159,0,3.14159,0,0,0.185
0.4,0,0.15657,3.14159,0,3.14159,0,0,0.1825
0.4,0,0.15639,3.14159,0,3.14159,0,0,0.18
0.4,0,0.156213,3.14159,0,3.14159,0,0,0.1775
0.4,0,0.156038,3.14159,0,3.14159,0,0,0.175
0.4,0,0.155865,3.14159,0,3.14159,0,0,0.1725
0.4,0,0.155695,3.14159,0,3.14159,0,0,0.17
0.4,0,0.155528,3.14159,0,3.14159,0,0,0.1675
0.4,0,0.155363,3.14159,0,3.14159,0,0,0.165
0.4,0,0.1552,3.14159,0,3.14159,0,0,0.1625
0.4,0,0.15504,3.14159,0,3.14159,0,0,0.16
0.4,0,0.154883,3.14159,0,3.14159,0,0,0.1575
0.4,0,0.154728,3.14159,0,3.14159,0,0,0.155
0.4,0,0.154575,3.14159,0,3.14159,0,0,0.1525
0.4,0,0.154425,3.14159,0,3.14159,0,0,0.15
0.4,0,0.154278,3.14159,0,3.14159,0,0,0.1475
0.4,0,0.154133,3.14159,0,3.14159,0,0,0.145
0.4,0,0.15399,3.14159,0,3.14159,0,0,0.1425
0.4,0,0.15385,3.14159,0,3.14159,0,0,0.14
0.4,0,0.153713,3.14159,0,3.14159,0,0,0.1375
0.4,0,0.153578,3.14159,0,3.14159,0,0,0.135
0.4,0,0.153445,3.14159,0,3.14159,0,0,0.1325
0.4,0,0.153315,3.14159,0,3.14159,0,0,0.13
0.4,0,0.153188,3.14159,0,3.14159,0,0,0.1275
0.4,0,0.153063,3.14159,0,3.14159,0,0,0.125
0.4,0,0.15294,3.14159,0,3.14159,0,0,0.1225
0.4,0,0.15282,3.14159,0,3.14159,0,0,0.12
0.4,0,0.152703,3.14159,0,3.14159,0,0,0.1175
0.4,0,0.152588,3.14159,0,3.14159,0,0,0.115
0.4,0,0.152475,3.14159,0,3.14159,0,0,0.1125
0.4,0,0.152365,3.14159,0,3.14159,0,0,0.11
0.4,0,0.152258,3.14159,0,3.14159,0,0,0.1075
0.4,0,0.152153,3.14159,0,3.14159,0,0,0.105
0.4,0,0.15205,3.14159,0,3.14159,0,0,0.1025
0.4,0,0.15195,3.14159,0,3.14159,0,0,0.1
0.4,0,0.151853,3.14159,0,3.14159,0,0,0.0975
0.4,0,0.151758,3.14159,0,3.14159,0,0,0.095
0.4,0,0.151665,3.14159,0,3.14159,0,0,0.0925
0.4,0,0.151575,3.14159,0,3.14159,0,0,0.09
0.4,0,0.151488,3.14159,0,3.14159,0,0,0.0875
0.4,0,0.151403,3.14159,0,3.14159,0,0,0.085
0.4,0,0.15132,3.14159,0,3.14159,0,0,0.0825
0.4,0,0.15124,3.14159,0,3.14159,0,0,0.08
0.4,0,0.151163,3.14159,0,3.14159,0,0,0.0775
0.4,0,0.151088,3.14159,0,3.14159,0,0,0.075
0.4,0,0.151015,3.14159,0,3.14159,0,0,0.0725
0.4,0,0.150945,3.14159,0,3.14159,0,0,0.07
0.4,0,0.150878,3.14159,0,3.14159,0,0,0.0675
0.4,0,0.150813,3.14159,0,3.14159,0,0,0.065
0.4,0,0.15075,3.14159,0,3.14159,0,0,0.0625
0.4,0,0.15069,3.14159,0,3.14159,0,0,0.06
0.4,0,0.150633,3.14159,0,3.14159,0,0,0.0575
0.4,0,0.150578,3.14159,0,3.14159,0,0,0.055
0.4,0,0.150525,3.14159,0,3.14159,0,0,0.0525
0.4,0,0.150475,3.14159,0,3.14159,0,0,0.05
0.4,0,0.150428,3.14159,0,3.14159,0,0,0.0475
0.4,0,0.150383,3.14159,0,3.14159,0,0,0.045
0.4,0,0.15034,3.14159,0,3.14159,0,0,0.0425
0.4,0,0.1503,3.14159,0,3.14159,0,0,0.04
0.4,0,0.150263,3.14159,0,3.14159,0,0,0.0375
0.4,0,0.150228,3.14159,0,3.14159,0,0,0.035
0.4,0,0.150195,3.14159,0,3.14159,0,0,0.0325
0.4,0,0.150165,3.14159,0,3.14159,0,0,0.03
0.4,0,0.150138,3.14159,0,3.14159,0,0,0.0275
0.4,0,0.150113,3.14159,0,3.14159,0,0,0.025
0.4,0,0.15009,3.14159,0,3.14159,0,0,0.0225
0.4,0,0.15007,3.14159,0,3.14159,0,0,0.02
0.4,0,0.150053,3.14159,0,3.14159,0,0,0.0175
0.4,0,0.150038,3.14159,0,3.14159,0,0,0.015
0.4,0,0.150025,3.14159,0,3.14159,0,0,0.0125
0.4,0,0.150015,3.14159,0,3.14159,0,0,0.01
0.4,0,0.150008,3.14159,0,3.14159,0,0,0.0075
0.4,0,0.150003,3.14159,0,3.14159,0,0,0.005
0.4,0,0.15,3.14159,0,3.14159,0,0,0.0025
0.4,0,0.15,3.14159,0,3.14159,0,0,0
