x,y,z,roll,pitch,yaw
0.4,0,0.5,3.14159,-0,3.14159
0.4,0,0.5,3.14159,-0,3.14159
0.4,0,0.5,3.14159,-0,3.14159
0.4,0,0.5,3.14159,-0,3.14159
0.4,0,0.5,3.14159,-0,3.14159
0.4,0,0.5,3.14159,-0,3.14159
0.4,0,0.5,3.14159,-0,3.14159
0.4,0,0.5,3.14159,-0,3.14159
0.4,0,0.5,3.14159,-0,3.14159
0.4,0,0.5,3.14159,-0,3.14159
0.4,0,0.5,3.14159,-0,3.14159
0.4,0,0.5,3.14159,-0,3.14159
0.4,0,0.5,3.14159,-0,3.14159
0.4,0,0.5,3.14159,-0,3.14159
0.4,0,0.5,3.14159,-0,3.14159
0.4,0,0.5,3.14159,-0,3.14159
0.4,0,0.5,3.14159,-0,3.14159
0.4,0,0.5,3.14159,-0,3.14159
0.4,0,0.5,3.14159,-0,3.14159
0.4,0,0.5,3.14159,-0,3.14159
0.4,0,0.5,3.14159,-0,3.14159
0.4,0,0.5,3.14159,-0,3.14159
0.4,0,0.5,3.14159,-0,3.14159
0.4,0,0.5,3.14159,-0,3.14159
0.4,0,0.5,3.14159,-0,3.14159
0.4,0,0.5,3.14159,-0,3.14159
0.4,0,0.5,3.14159,-0,3.14159
0.4,0,0.5,3.14159,-0,3.14159
0.4,0,0.5,3.14159,-0,3.14159
0.4,0,0.5,3.14159,-0,3.14159
0.4,0,0.5,3.14159,-0,3.14159
0.4,0,0.5,3.14159,-0,3.14159
0.4,0,0.5,3.14159,-0,3.14159
0.4,0,0.5,3.14159,-0,3.14159
0.4,0,0.5,3.14159,-0,3.14159
0.4,0,0.5,3.14159,-0,3.14159
0.4,0,0.5,3.14159,-0,3.14159
0.4,0,0.5,3.14159,-0,3.14159
0.4,0,0.5,3.14159,-0,3.14159
0.4,0,0.5,3.14159,-0,3.14159
0.4,0,0.5,3.14159,-0,3.14159
0.4,0,0.5,3.14159,-0,3.14159
0.4,0,0.5,3.14159,-0,3.14159
0.4,0,0.5,3.14159,-0,3.14159
0.4,0,0.5,3.14159,-0,3.14159
0.4,0,0.5,3.14159,-0,3.14159
0.4,0,0.5,3.14159,-0,3.14159
0.4,0,0.5,3.14159,-0,3.14159
0.4,0,0.5,3.14159,-0,3.14159
0.4,0,0.5,3.14159,-0,3.14159
0.4,0,0.5,3.14159,-0,3.14159
0.4,0,0.5,3.14159,-0,3.14159
0.4,0,0.5,3.14159,-0,3.14159
0.4,0,0.5,3.14159,-0,3.14159
0.4,0,0.5,3.14159,-0,3.14159
0.4,0,0.5,3.14159,-0,3.14159
0.4,0,0.5,3.14159,-0,3.14159
0.4,0,0.5,3.14159,-0,3.14159
0.4,0,0.5,3.14159,-0,3.14159
0.4,0,0.5,3.14159,-0,3.14159
0.4,0,0.5,3.14159,-0,3.14159
0.4,0,0.5,3.14159,-0,3.14159
0.4,0,0.5,3.14159,-0,3.14159
0.4,0,0.5,3.14159,-0,3.14159
0.4,0,0.5,3.14159,-0,3.14159
0.4,0,0.5,3.14159,-0,3.14159
0.4,0,0.5,3.14159,-0,3.14159
0.4,0,0.5,3.14159,-0,3.14159
0.4,0,0.5,3.14159,-0,3.14159
0.4,0,0.5,3.14159,-0,3.14159
0.4,0,0.5,3.14159,-0,3.14159
0.4,0,0.5,3.14159,-0,3.14159
0.4,0,0.5,3.14159,-0,3.14159
0.4,0,0.5,3.14159,-0,3.14159
0.4,0,0.5,3.14159,-0,3.14159
0.4,0,0.5,3.14159,-0,3.14159
0.4,0,0.5,3.14159,-0,3.14159
0.4,0,0.5,3.14159,-0,3.14159
0.4,0,0.5,3.14159,-0,3.14159
0.4,0,0.5,3.14159,-0,3.14159
0.4,0,0.5,3.14159,-0,3.14159
0.4,0,0.5,3.14159,-0,3.14159
0.4,0,0.5,3.14159,-0,3.14159
0.4,0,0.5,3.14159,-0,3.14159
0.4,0,0.5,3.14159,-0,3.14159
0.4,0,0.5,3.14159,-0,3.14159
0.4,0,0.5,3.14159,-0,3.14159
0.4,0,0.5,3.14159,-0,3.14159
0.4,0,0.5,3.14159,-0,3.14159
0.4,0,0.5,3.14159,-0,3.14159
0.4,0,0.5,3.14159,-0,3.14159
0.4,0,0.5,3.14159,-0,3.14159
0.4,0,0.5,3.14159,-0,3.14159
0.4,0,0.5,3.14159,-0,3.14159
0.4,0,0.5,3.14159,-0,3.14159
0.4,0,0.5,3.14159,-0,3.14159
0.4,0,0.5,3.14159,-0,3.14159
0.4,0,0.5,3.14159,-0,3.14159
0.4,0,0.5,3.14159,-0,3.14159
0.4,0,0.5,3.14159,-0,3.14159
0.4,0,0.5,3.14159,-0,3.14159
0.4,0,0.5,3.14159,-0,3.14159
0.4,0,0.5,3.14159,-0,3.14159
0.4,0,0.5,3.14159,-0,3.14159
0.4,0,0.5,3.14159,-0,3.14159
0.4,0,0.5,3.14159,-0,3.14159
0.4,0,0.5,3.14159,-0,3.14159
0.4,0,0.5,3.14159,-0,3.14159
0.4,0,0.5,3.14159,-0,3.14159
0.4,0,0.5,3.14159,-0,3.14159
0.4,0,0.5,3.14159,-0,3.14159
0.4,0,0.5,3.14159,-0,3.14159
0.4,0,0.5,3.14159,-0,3.14159
0.4,0,0.5,3.14159,-0,3.14159
0.4,0,0.5,3.14159,-0,3.14159
0.4,0,0.5,3.14159,-0,3.14159
0.4,0,0.5,3.14159,-0,3.14159
0.4,0,0.5,3.14159,-0,3.14159
0.4,0,0.5,3.14159,-0,3.14159
0.4,0,0.5,3.14159,-0,3.14159
0.4,0,0.5,3.14159,-0,3.14159
0.4,0,0.5,3.14159,-0,3.14159
0.4,0,0.5,3.14159,-0,3.14159
0.4,0,0.5,3.14159,-0,3.14159
0.4,0,0.5,3.14159,-0,3.14159
0.4,0,0.5,3.14159,-0,3.14159
0.4,0,0.5,3.14159,-0,3.14159
0.4,0,0.5,3.14159,-0,3.14159
0.4,0,0.5,3.14159,-0,3.14159
0.4,0,0.5,3.14159,-0,3.14159
0.4,0,0.5,3.14159,-0,3.14159
0.4,0,0.5,3.14159,-0,3.14159
0.4,0,0.5,3.14159,-0,3.14159
0.4,0,0.5,3.14159,-0,3.14159
0.4,0,0.5,3.14159,-0,3.14159
0.4,0,0.5,3.14159,-0,3.14159
0.4,0,0.5,3.14159,-0,3.14159
0.4,0,0.5,3.14159,-0,3.14159
0.4,0,0.5,3.14159,-0,3.14159
0.4,0,0.5,3.14159,-0,3.14159
0.4,0,0.5,3.14159,-0,3.14159
0.4,0,0.5,3.14159,-0,3.14159
0.4,0,0.5,3.14159,-0,3.14159
0.4,0,0.5,3.14159,-0,3.14159
0.4,0,0.5,3.14159,-0,3.14159
0.4,0,0.5,3.14159,-0,3.14159
0.4,0,0.5,3.14159,-0,3.14159
0.4,0,0.5,3.14159,-0,3.14159
0.4,0,0.5,3.14159,-0,3.14159
0.4,0,0.5,3.14159,-0,3.14159
0.4,0,0.5,3.14159,-0,3.14159
0.4,0,0.5,3.14159,-0,3.14159
0.4,0,0.5,3.14159,-0,3.14159
0.4,0,0.5,3.14159,-0,3.14159
0.4,0,0.5,3.14159,-0,3.14159
0.4,0,0.5,3.14159,-0,3.14159
0.4,0,0.5,3.14159,-0,3.14159
0.4,0,0.5,3.14159,-0,3.14159
0.4,0,0.5,3.14159,-0,3.14159
0.4,0,0.5,3.14159,-0,3.14159
0.4,0,0.5,3.14159,-0,3.14159
0.4,0,0.5,3.14159,-0,3.14159
0.4,0,0.5,3.14159,-0,3.14159
0.4,0,0.5,3.14159,-0,3.14159
0.4,0,0.5,3.14159,-0,3.14159
0.4,0,0.5,3.14159,-0,3.14159
0.4,0,0.5,3.14159,-0,3.14159
0.4,0,0.5,3.14159,-0,3.14159
0.4,0,0.5,3.14159,-0,3.14159
0.4,0,0.5,3.14159,-0,3.14159
0.4,0,0.5,3.14159,-0,3.14159
0.4,0,0.5,3.14159,-0,3.14159
0.4,0,0.5,3.14159,-0,3.14159
0.4,0,0.5,3.14159,-0,3.14159
0.4,0,0.5,3.14159,-0,3.14159
0.4,0,0.5,3.14159,-0,3.14159
0.4,0,0.5,3.14159,-0,3.14159
0.4,0,0.5,3.14159,-0,3.14159
0.4,0,0.5,3.14159,-0,3.14159
0.4,0,0.5,3.14159,-0,3.14159
0.4,0,0.5,3.14159,-0,3.14159
0.4,0,0.5,3.14159,-0,3.14159
0.4,0,0.5,3.14159,-0,3.14159
0.4,0,0.5,3.14159,-0,3.14159
0.4,0,0.5,3.14159,-0,3.14159
0.4,0,0.5,3.14159,-0,3.14159
0.4,0,0.5,3.14159,-0,3.14159
0.4,0,0.5,3.14159,-0,3.14159
0.4,0,0.5,3.14159,-0,3.14159
0.4,0,0.5,3.14159,-0,3.14159
0.4,0,0.5,3.14159,-0,3.14159
0.4,0,0.5,3.14159,-0,3.14159
0.4,0,0.5,3.14159,-0,3.14159
0.4,0,0.5,3.14159,-0,3.14159
0.4,0,0.5,3.14159,-0,3.14159
0.4,0,0.5,3.14159,-0,3.14159
0.4,0,0.5,3.14159,-0,3.14159
0.4,0,0.5,3.14159,-0,3.14159
0.4,0,0.5,3.14159,-0,3.14159
0.4,0,0.5,3.14159,-0,3.14159
0.4,0,0.499999,3.14159,-0,3.14159
0.4,0,0.499999,3.14159,-0,3.14159
0.4,0,0.499999,3.14159,-0,3.14159
0.4,0,0.499999,3.14159,-0,3.14159
0.4,0,0.499999,3.14159,-0,3.14159
0.4,0,0.499999,3.14159,-0,3.14159
0.4,0,0.499999,3.14159,-0,3.14159
0.4,0,0.499999,3.14159,-0,3.14159
0.4,0,0.499999,3.14159,-0,3.14159
0.4,0,0.499999,3.14159,-0,3.14159
0.4,0,0.499999,3.14159,-0,3.14159
0.4,0,0.499999,3.14159,-0,3.14159
0.4,0,0.499999,3.14159,-0,3.14159
0.4,0,0.499999,3.14159,-0,3.14159
0.4,0,0.499999,3.14159,-0,3.14159
0.4,0,0.499999,3.14159,-0,3.14159
0.4,0,0.499999,3.14159,-0,3.14159
0.4,0,0.499999,3.14159,-0,3.14159
0.4,0,0.499999,3.14159,-0,3.14159
0.4,0,0.499999,3.14159,-0,3.14159
0.4,0,0.499999,3.14159,-0,3.14159
0.4,0,0.499999,3.14159,-0,3.14159
0.4,0,0.499999,3.14159,-0,3.14159
0.4,0,0.499999,3.14159,-0,3.14159
0.4,0,0.499999,3.14159,-0,3.14159
0.4,0,0.499999,3.14159,-0,3.14159
0.4,0,0.499999,3.14159,-0,3.14159
0.4,0,0.499999,3.14159,-0,3.14159
0.4,0,0.499998,3.14159,-0,3.14159
0.4,0,0.499998,3.14159,-0,3.14159
0.4,0,0.499998,3.14159,-0,3.14159
0.4,0,0.499998,3.14159,-0,3.14159
0.4,0,0.499998,3.14159,-0,3.14159
0.4,0,0.499998,3.14159,-0,3.14159
0.4,0,0.499998,3.14159,-0,3.14159
0.4,0,0.499998,3.14159,-0,3.14159
0.4,0,0.499998,3.14159,-0,3.14159
0.4,0,0.499998,3.14159,-0,3.14159
0.4,0,0.499998,3.14159,-0,3.14159
0.4,0,0.499998,3.14159,-0,3.14159
0.4,0,0.499998,3.14159,-0,3.14159
0.4,0,0.499998,3.14159,-0,3.14159
0.4,0,0.499997,3.14159,-0,3.14159
0.4,0,0.499997,3.14159,-0,3.14159
0.4,0,0.499997,3.14159,-0,3.14159
0.4,0,0.499997,3.14159,-0,3.14159
0.4,0,0.499997,3.14159,-0,3.14159
0.4,0,0.499997,3.14159,-0,3.14159
0.4,0,0.499997,3.14159,-0,3.14159
0.4,0,0.499997,3.14159,-0,3.14159
0.4,0,0.499997,3.14159,-0,3.14159
0.4,0,0.499997,3.14159,-0,3.14159
0.4,0,0.499996,3.14159,-0,3.14159
0.4,0,0.499996,3.14159,-0,3.14159
0.4,0,0.499996,3.14159,-0,3.14159
0.4,0,0.499996,3.14159,-0,3.14159
0.4,0,0.499996,3.14159,-0,3.14159
0.4,0,0.499996,3.14159,-0,3.14159
0.4,0,0.499996,3.14159,-0,3.14159
0.4,0,0.499996,3.14159,-0,3.14159
0.4,0,0.499995,3.14159,-0,3.14159
0.4,0,0.499995,3.14159,-0,3.14159
0.4,0,0.499995,3.14159,-0,3.14159
0.4,0,0.499995,3.14159,-0,3.14159
0.4,0,0.499995,3.14159,-0,3.14159
0.4,0,0.499995,3.14159,-0,3.14159
0.4,0,0.499994,3.14159,-0,3.14159
0.4,0,0.499994,3.14159,-0,3.14159
0.4,0,0.499994,3.14159,-0,3.14159
0.4,0,0.499994,3.14159,-0,3.14159
0.4,0,0.499994,3.14159,-0,3.14159
0.4,0,0.499994,3.14159,-0,3.14159
0.4,0,0.499993,3.14159,-0,3.14159
0.4,0,0.499993,3.14159,-0,3.14159
0.4,0,0.499993,3.14159,-0,3.14159
0.4,0,0.499993,3.14159,-0,3.14159
0.4,0,0.499993,3.14159,-0,3.14159
0.4,0,0.499992,3.14159,-0,3.14159
0.4,0,0.499992,3.14159,-0,3.14159
0.4,0,0.499992,3.14159,-0,3.14159
0.4,0,0.499992,3.14159,-0,3.14159
0.4,0,0.499991,3.14159,-0,3.14159
0.4,0,0.499991,3.14159,-0,3.14159
0.4,0,0.499991,3.14159,-0,3.14159
0.4,0,0.499991,3.14159,-0,3.14159
0.4,0,0.49999,3.14159,-0,3.14159
0.4,0,0.49999,3.14159,-0,3.14159
0.4,0,0.49999,3.14159,-0,3.14159
0.4,0,0.499989,3.14159,-0,3.14159
0.4,0,0.499989,3.14159,-0,3.14159
0.4,0,0.499989,3.14159,-0,3.14159
0.4,0,0.499988,3.14159,-0,3.14159
0.4,0,0.499988,3.14159,-0,3.14159
0.4,0,0.499988,3.14159,-0,3.14159
0.4,0,0.499987,3.14159,-0,3.14159
0.4,0,0.499987,3.14159,-0,3.14159
0.4,0,0.499987,3.14159,-0,3.14159
0.4,0,0.499986,3.14159,-0,3.14159
0.4,0,0.499986,3.14159,-0,3.14159
0.4,0,0.499986,3.14159,-0,3.14159
0.4,0,0.499985,3.14159,-0,3.14159
0.4,0,0.499985,3.14159,-0,3.14159
0.4,0,0.499984,3.14159,-0,3.14159
0.4,0,0.499984,3.14159,-0,3.14159
0.4,0,0.499983,3.14159,-0,3.14159
0.4,0,0.499983,3.14159,-0,3.14159
0.4,0,0.499983,3.14159,-0,3.14159
0.4,0,0.499982,3.14159,-0,3.14159
0.4,0,0.499982,3.14159,-0,3.14159
0.4,0,0.499981,3.14159,-0,3.14159
0.4,0,0.499981,3.14159,-0,3.14159
0.4,0,0.49998,3.14159,-0,3.14159
0.4,0,0.49998,3.14159,-0,3.14159
0.4,0,0.499979,3.14159,-0,3.14159
0.4,0,0.499978,3.14159,-0,3.14159
0.4,0,0.499978,3.14159,-0,3.14159
0.4,0,0.499977,3.14159,-0,3.14159
0.4,0,0.499977,3.14159,-0,3.14159
0.4,0,0.499976,3.14159,-0,3.14159
0.4,0,0.499976,3.14159,-0,3.14159
0.4,0,0.499975,3.14159,-0,3.14159
0.4,0,0.499974,3.14159,-0,3.14159
0.4,0,0.499974,3.14159,-0,3.14159
0.4,0,0.499973,3.14159,-0,3.14159
0.4,0,0.499972,3.14159,-0,3.14159
0.4,0,0.499972,3.14159,-0,3.14159
0.4,0,0.499971,3.14159,-0,3.14159
0.4,0,0.49997,3.14159,-0,3.14159
0.4,0,0.499969,3.14159,-0,3.14159
0.4,0,0.499969,3.14159,-0,3.14159
0.4,0,0.499968,3.14159,-0,3.14159
0.4,0,0.499967,3.14159,-0,3.14159
0.4,0,0.499966,3.14159,-0,3.14159
0.4,0,0.499965,3.14159,-0,3.14159
0.4,0,0.499964,3.14159,-0,3.14159
0.4,0,0.499964,3.14159,-0,3.14159
0.4,0,0.499963,3.14159,-0,3.14159
0.4,0,0.499962,3.14159,-0,3.14159
0.4,0,0.499961,3.14159,-0,3.14159
0.4,0,0.49996,3.14159,-0,3.14159
0.4,0,0.499959,3.14159,-0,3.14159
0.4,0,0.499958,3.14159,-0,3.14159
0.4,0,0.499957,3.14159,-0,3.14159
0.4,0,0.499956,3.14159,-0,3.14159
0.4,0,0.499955,3.14159,-0,3.14159
0.4,0,0.499954,3.14159,-0,3.14159
0.4,0,0.499953,3.14159,-0,3.14159
0.4,0,0.499952,3.14159,-0,3.14159
0.4,0,0.499951,3.14159,-0,3.14159
0.4,0,0.499949,3.14159,-0,3.14159
0.4,0,0.499948,3.14159,-0,3.14159
0.4,0,0.499947,3.14159,-0,3.14159
0.4,0,0.499946,3.14159,-0,3.14159
0.4,0,0.499945,3.14159,-0,3.14159
0.4,0,0.499943,3.14159,-0,3.14159
0.4,0,0.499942,3.14159,-0,3.14159
0.4,0,0.499941,3.14159,-0,3.14159
0.4,0,0.499939,3.14159,-0,3.14159
0.4,0,0.499938,3.14159,-0,3.14159
0.4,0,0.499937,3.14159,-0,3.14159
0.4,0,0.499935,3.14159,-0,3.14159
0.4,0,0.499934,3.14159,-0,3.14159
0.4,0,0.499932,3.14159,-0,3.14159
0.4,0,0.499931,3.14159,-0,3.14159
0.4,0,0.499929,3.14159,-0,3.14159
0.4,0,0.499928,3.14159,-0,3.14159
0.4,0,0.499926,3.14159,-0,3.14159
0.4,0,0.499924,3.14159,-0,3.14159
0.4,0,0.499923,3.14159,-0,3.14159
0.4,0,0.499921,3.14159,-0,3.14159
0.4,0,0.499919,3.14159,-0,3.14159
0.4,0,0.499918,3.14159,-0,3.14159
0.4,0,0.499916,3.14159,-0,3.14159
0.4,0,0.499914,3.14159,-0,3.14159
0.4,0,0.499912,3.14159,-0,3.14159
0.4,0,0.49991,3.14159,-0,3.14159
0.4,0,0.499908,3.14159,-0,3.14159
0.4,0,0.499906,3.14159,-0,3.14159
0.4,0,0.499904,3.14159,-0,3.14159
0.4,0,0.499902,3.14159,-0,3.14159
0.4,0,0.4999,3.14159,-0,3.14159
0.4,0,0.499898,3.14159,-0,3.14159
0.4,0,0.499896,3.14159,-0,3.14159
0.4,0,0.499894,3.14159,-0,3.14159
0.4,0,0.499892,3.14159,-0,3.14159
0.4,0,0.499889,3.14159,-0,3.14159
0.4,0,0.499887,3.14159,-0,3.14159
0.4,0,0.499885,3.14159,-0,3.14159
0.4,0,0.499882,3.14159,-0,3.14159
0.4,0,0.49988,3.14159,-0,3.14159
0.4,0,0.499878,3.14159,-0,3.14159
0.4,0,0.499875,3.14159,-0,3.14159
0.4,0,0.499873,3.14159,-0,3.14159
0.4,0,0.49987,3.14159,-0,3.14159
0.4,0,0.499867,3.14159,-0,3.14159
0.4,0,0.499865,3.14159,-0,3.14159
0.4,0,0.499862,3.14159,-0,3.14159
0.4,0,0.499859,3.14159,-0,3.14159
0.4,0,0.499856,3.14159,-0,3.14159
0.4,0,0.499854,3.14159,-0,3.14159
0.4,0,0.499851,3.14159,-0,3.14159
0.4,0,0.499848,3.14159,-0,3.14159
0.4,0,0.499845,3.14159,-0,3.14159
0.4,0,0.499842,3.14159,-0,3.14159
0.4,0,0.499839,3.14159,-0,3.14159
0.4,0,0.499835,3.14159,-0,3.14159
0.4,0,0.499832,3.14159,-0,3.14159
0.4,0,0.499829,3.14159,-0,3.14159
0.4,0,0.499826,3.14159,-0,3.14159
0.4,0,0.499822,3.14159,-0,3.14159
0.4,0,0.499819,3.14159,-0,3.14159
0.4,0,0.499815,3.14159,-0,3.14159
0.4,0,0.499812,3.14159,-0,3.14159
0.4,0,0.499808,3.14159,-0,3.14159
0.4,0,0.499805,3.14159,-0,3.14159
0.4,0,0.499801,3.14159,-0,3.14159
0.4,0,0.499797,3.14159,-0,3.14159
0.4,0,0.499793,3.14159,-0,3.14159
0.4,0,0.49979,3.14159,-0,3.14159
0.4,0,0.499786,3.14159,-0,3.14159
0.4,0,0.499782,3.14159,-0,3.14159
0.4,0,0.499778,3.14159,-0,3.14159
0.4,0,0.499773,3.14159,-0,3.14159
0.4,0,0.499769,3.14159,-0,3.14159
0.4,0,0.499765,3.14159,-0,3.14159
0.4,0,0.499761,3.14159,-0,3.14159
0.4,0,0.499756,3.14159,-0,3.14159
0.4,0,0.499752,3.14159,-0,3.14159
0.4,0,0.499747,3.14159,-0,3.14159
0.4,0,0.499743,3.14159,-0,3.14159
0.4,0,0.499738,3.14159,-0,3.14159
0.4,0,0.499733,3.14159,-0,3.14159
0.4,0,0.499728,3.14159,-0,3.14159
0.4,0,0.499724,3.14159,-0,3.14159
0.4,0,0.499719,3.14159,-0,3.14159
0.4,0,0.499714,3.14159,-0,3.14159
0.4,0,0.499709,3.14159,-0,3.14159
0.4,0,0.499703,3.14159,-0,3.14159
0.4,0,0.499698,3.14159,-0,3.14159
0.4,0,0.499693,3.14159,-0,3.14159
0.4,0,0.499687,3.14159,-0,3.14159
0.4,0,0.499682,3.14159,-0,3.14159
0.4,0,0.499676,3.14159,-0,3.14159
0.4,0,0.499671,3.14159,-0,3.14159
0.4,0,0.499665,3.14159,-0,3.14159
0.4,0,0.499659,3.14159,-0,3.14159
0.4,0,0.499653,3.14159,-0,3.14159
0.4,0,0.499647,3.14159,-0,3.14159
0.4,0,0.499641,3.14159,-0,3.14159
0.4,0,0.499635,3.14159,-0,3.14159
0.4,0,0.499629,3.14159,-0,3.14159
0.4,0,0.499622,3.14159,-0,3.14159
0.4,0,0.499616,3.14159,-0,3.14159
0.4,0,0.499609,3.14159,-0,3.14159
0.4,0,0.499603,3.14159,-0,3.14159
0.4,0,0.499596,3.14159,-0,3.14159
0.4,0,0.499589,3.14159,-0,3.14159
0.4,0,0.499582,3.14159,-0,3.14159
0.4,0,0.499575,3.14159,-0,3.14159
0.4,0,0.499568,3.14159,-0,3.14159
0.4,0,0.499561,3.14159,-0,3.14159
0.4,0,0.499554,3.14159,-0,3.14159
0.4,0,0.499546,3.14159,-0,3.14159
0.4,0,0.499539,3.14159,-0,3.14159
0.4,0,0.499531,3.14159,-0,3.14159
0.4,0,0.499523,3.14159,-0,3.14159
0.4,0,0.499516,3.14159,-0,3.14159
0.4,0,0.499508,3.14159,-0,3.14159
0.4,0,0.4995,3.14159,-0,3.14159
0.4,0,0.499491,3.14159,-0,3.14159
0.4,0,0.499483,3.14159,-0,3.14159
0.4,0,0.499475,3.14159,-0,3.14159
0.4,0,0.499466,3.14159,-0,3.14159
0.4,0,0.499458,3.14159,-0,3.14159
0.4,0,0.499449,3.14159,-0,3.14159
0.4,0,0.49944,3.14159,-0,3.14159
0.4,0,0.499431,3.14159,-0,3.14159
0.4,0,0.499422,3.14159,-0,3.14159
0.4,0,0.499413,3.14159,-0,3.14159
0.4,0,0.499404,3.14159,-0,3.14159
0.4,0,0.499394,3.14159,-0,3.14159
0.4,0,0.499385,3.14159,-0,3.14159
0.4,0,0.499375,3.14159,-0,3.14159
0.4,0,0.499365,3.14159,-0,3.14159
0.4,0,0.499355,3.14159,-0,3.14159
0.4,0,0.499345,3.14159,-0,3.14159
0.4,0,0.499335,3.14159,-0,3.14159
0.4,0,0.499325,3.14159,-0,3.14159
0.4,0,0.499315,3.14159,-0,3.14159
0.4,0,0.499304,3.14159,-0,3.14159
0.4,0,0.499293,3.14159,-0,3.14159
0.4,0,0.499282,3.14159,-0,3.14159
0.4,0,0.499271,3.14159,-0,3.14159
0.4,0,0.49926,3.14159,-0,3.14159
0.4,0,0.499249,3.14159,-0,3.14159
0.4,0,0.499238,3.14159,-0,3.14159
0.4,0,0.499226,3.14159,-0,3.14159
0.4,0,0.499214,3.14159,-0,3.14159
0.4,0,0.499203,3.14159,-0,3.14159
0.4,0,0.499191,3.14159,-0,3.14159
0.4,0,0.499178,3.14159,-0,3.14159
0.4,0,0.499166,3.14159,-0,3.14159
0.4,0,0.499154,3.14159,-0,3.14159
0.4,0,0.499141,3.14159,-0,3.14159
0.4,0,0.499128,3.14159,-0,3.14159
0.4,0,0.499116,3.14159,-0,3.14159
0.4,0,0.499103,3.14159,-0,3.14159
0.4,0,0.499089,3.14159,-0,3.14159
0.4,0,0.499076,3.14159,-0,3.14159
0.4,0,0.499062,3.14159,-0,3.14159
0.4,0,0.499049,3.14159,-0,3.14159
0.4,0,0.499035,3.14159,-0,3.14159
0.4,0,0.499021,3.14159,-0,3.14159
0.4,0,0.499007,3.14159,-0,3.14159
0.4,0,0.498992,3.14159,-0,3.14159
0.4,0,0.498978,3.14159,-0,3.14159
0.4,0,0.498963,3.14159,-0,3.14159
0.4,0,0.498948,3.14159,-0,3.14159
0.4,0,0.498933,3.14159,-0,3.14159
0.4,0,0.498918,3.14159,-0,3.14159
0.4,0,0.498903,3.14159,-0,3.14159
0.4,0,0.498887,3.14159,-0,3.14159
0.4,0,0.498871,3.14159,-0,3.14159
0.4,0,0.498855,3.14159,-0,3.14159
0.4,0,0.498839,3.14159,-0,3.14159
0.4,0,0.498823,3.14159,-0,3.14159
0.4,0,0.498806,3.14159,-0,3.14159
0.4,0,0.49879,3.14159,-0,3.14159
0.4,0,0.498773,3.14159,-0,3.14159
0.4,0,0.498756,3.14159,-0,3.14159
0.4,0,0.498739,3.14159,-0,3.14159
0.4,0,0.498721,3.14159,-0,3.14159
0.4,0,0.498703,3.14159,-0,3.14159
0.4,0,0.498686,3.14159,-0,3.14159
0.4,0,0.498668,3.14159,-0,3.14159
0.4,0,0.498649,3.14159,-0,3.14159
0.4,0,0.498631,3.14159,-0,3.14159
0.4,0,0.498612,3.14159,-0,3.14159
0.4,0,0.498593,3.14159,-0,3.14159
0.4,0,0.498574,3.14159,-0,3.14159
0.4,0,0.498555,3.14159,-0,3.14159
0.4,0,0.498535,3.14159,-0,3.14159
0.4,0,0.498516,3.14159,-0,3.14159
0.4,0,0.498496,3.14159,-0,3.14159
0.4,0,0.498476,3.14159,-0,3.14159
0.4,0,0.498455,3.14159,-0,3.14159
0.4,0,0.498435,3.14159,-0,3.14159
0.4,0,0.498414,3.14159,-0,3.14159
0.4,0,0.498393,3.14159,-0,3.14159
0.4,0,0.498372,3.14159,-0,3.14159
0.4,0,0.49835,3.14159,-0,3.14159
0.4,0,0.498328,3.14159,-0,3.14159
0.4,0,0.498306,3.14159,-0,3.14159
0.4,0,0.498284,3.14159,-0,3.14159
0.4,0,0.498262,3.14159,-0,3.14159
0.4,0,0.498239,3.14159,-0,3.14159
0.4,0,0.498216,3.14159,-0,3.14159
0.4,0,0.498193,3.14159,-0,3.14159
0.4,0,0.49817,3.14159,-0,3.14159
0.4,0,0.498146,3.14159,-0,3.14159
0.4,0,0.498122,3.14159,-0,3.14159
0.4,0,0.498098,3.14159,-0,3.14159
0.4,0,0.498074,3.14159,-0,3.14159
0.4,0,0.498049,3.14159,-0,3.14159
0.4,0,0.498024,3.14159,-0,3.14159
0.4,0,0.497999,3.14159,-0,3.14159
0.4,0,0.497974,3.14159,-0,3.14159
0.4,0,0.497948,3.14159,-0,3.14159
0.4,0,0.497922,3.14159,-0,3.14159
0.4,0,0.497896,3.14159,-0,3.14159
0.4,0,0.49787,3.14159,-0,3.14159
0.4,0,0.497843,3.14159,-0,3.14159
0.4,0,0.497816,3.14159,-0,3.14159
0.4,0,0.497789,3.14159,-0,3.14159
0.4,0,0.497761,3.14159,-0,3.14159
0.4,0,0.497734,3.14159,-0,3.14159
0.4,0,0.497705,3.14159,-0,3.14159
0.4,0,0.497677,3.14159,-0,3.14159
0.4,0,0.497649,3.14159,-0,3.14159
0.4,0,0.49762,3.14159,-0,3.14159
0.4,0,0.49759,3.14159,-0,3.14159
0.4,0,0.497561,3.14159,-0,3.14159
0.4,0,0.497531,3.14159,-0,3.14159
0.4,0,0.497501,3.14159,-0,3.14159
0.4,0,0.497471,3.14159,-0,3.14159
0.4,0,0.49744,3.14159,-0,3.14159
0.4,0,0.497409,3.14159,-0,3.14159
0.4,0,0.497378,3.14159,-0,3.14159
0.4,0,0.497347,3.14159,-0,3.14159
0.4,0,0.497315,3.14159,-0,3.14159
0.4,0,0.497283,3.14159,-0,3.14159
0.4,0,0.49725,3.14159,-0,3.14159
0.4,0,0.497217,3.14159,-0,3.14159
0.4,0,0.497184,3.14159,-0,3.14159
0.4,0,0.497151,3.14159,-0,3.14159
0.4,0,0.497117,3.14159,-0,3.14159
0.4,0,0.497083,3.14159,-0,3.14159
0.4,0,0.497049,3.14159,-0,3.14159
0.4,0,0.497014,3.14159,-0,3.14159
0.4,0,0.496979,3.14159,-0,3.14159
0.4,0,0.496944,3.14159,-0,3.14159
0.4,0,0.496908,3.14159,-0,3.14159
0.4,0,0.496872,3.14159,-0,3.14159
0.4,0,0.496836,3.14159,-0,3.14159
0.4,0,0.4968,3.14159,-0,3.14159
0.4,0,0.496763,3.14159,-0,3.14159
0.4,0,0.496725,3.14159,-0,3.14159
0.4,0,0.496688,3.14159,-0,3.14159
0.4,0,0.49665,3.14159,-0,3.14159
0.4,0,0.496611,3.14159,-0,3.14159
0.4,0,0.496573,3.14159,-0,3.14159
0.4,0,0.496534,3.14159,-0,3.14159
0.4,0,0.496494,3.14159,-0,3.14159
0.4,0,0.496455,3.14159,-0,3.14159
0.4,0,0.496415,3.14159,-0,3.14159
0.4,0,0.496374,3.14159,-0,3.14159
0.4,0,0.496334,3.14159,-0,3.14159
0.4,0,0.496292,3.14159,-0,3.14159
0.4,0,0.496251,3.14159,-0,3.14159
0.4,0,0.496209,3.14159,-0,3.14159
0.4,0,0.496167,3.14159,-0,3.14159
0.4,0,0.496124,3.14159,-0,3.14159
0.4,0,0.496081,3.14159,-0,3.14159
0.4,0,0.496038,3.14159,-0,3.14159
0.4,0,0.495994,3.14159,-0,3.14159
0.4,0,0.49595,3.14159,-0,3.14159
0.4,0,0.495906,3.14159,-0,3.14159
0.4,0,0.495861,3.14159,-0,3.14159
0.4,0,0.495815,3.14159,-0,3.14159
0.4,0,0.49577,3.14159,-0,3.14159
0.4,0,0.495724,3.14159,-0,3.14159
0.4,0,0.495677,3.14159,-0,3.14159
0.4,0,0.495631,3.14159,-0,3.14159
0.4,0,0.495583,3.14159,-0,3.14159
0.4,0,0.495536,3.14159,-0,3.14159
0.4,0,0.495488,3.14159,-0,3.14159
0.4,0,0.495439,3.14159,-0,3.14159
0.4,0,0.495391,3.14159,-0,3.14159
0.4,0,0.495341,3.14159,-0,3.14159
0.4,0,0.495292,3.14159,-0,3.14159
0.4,0,0.495242,3.14159,-0,3.14159
0.4,0,0.495191,3.14159,-0,3.14159
0.4,0,0.49514,3.14159,-0,3.14159
0.4,0,0.495089,3.14159,-0,3.14159
0.4,0,0.495037,3.14159,-0,3.14159
0.4,0,0.494985,3.14159,-0,3.14159
0.4,0,0.494933,3.14159,-0,3.14159
0.4,0,0.49488,3.14159,-0,3.14159
0.4,0,0.494826,3.14159,-0,3.14159
0.4,0,0.494772,3.14159,-0,3.14159
0.4,0,0.494718,3.14159,-0,3.14159
0.4,0,0.494663,3.14159,-0,3.14159
0.4,0,0.494608,3.14159,-0,3.14159
0.4,0,0.494553,3.14159,-0,3.14159
0.4,0,0.494497,3.14159,-0,3.14159
0.4,0,0.49444,3.14159,-0,3.14159
0.4,0,0.494383,3.14159,-0,3.14159
0.4,0,0.494326,3.14159,-0,3.14159
0.4,0,0.494268,3.14159,-0,3.14159
0.4,0,0.49421,3.14159,-0,3.14159
0.4,0,0.494151,3.14159,-0,3.14159
0.4,0,0.494092,3.14159,-0,3.14159
0.4,0,0.494032,3.14159,-0,3.14159
0.4,0,0.493972,3.14159,-0,3.14159
0.4,0,0.493912,3.14159,-0,3.14159
0.4,0,0.493851,3.14159,-0,3.14159
0.4,0,0.493789,3.14159,-0,3.14159
0.4,0,0.493727,3.14159,-0,3.14159
0.4,0,0.493665,3.14159,-0,3.14159
0.4,0,0.493602,3.14159,-0,3.14159
0.4,0,0.493538,3.14159,-0,3.14159
0.4,0,0.493474,3.14159,-0,3.14159
0.4,0,0.49341,3.14159,-0,3.14159
0.4,0,0.493345,3.14159,-0,3.14159
0.4,0,0.49328,3.14159,-0,3.14159
0.4,0,0.493214,3.14159,-0,3.14159
0.4,0,0.493148,3.14159,-0,3.14159
0.4,0,0.493081,3.14159,-0,3.14159
0.4,0,0.493013,3.14159,-0,3.14159
0.4,0,0.492946,3.14159,-0,3.14159
0.4,0,0.492877,3.14159,-0,3.14159
0.4,0,0.492809,3.14159,-0,3.14159
0.4,0,0.492739,3.14159,-0,3.14159
0.4,0,0.492669,3.14159,-0,3.14159
0.4,0,0.492599,3.14159,-0,3.14159
0.4,0,0.492528,3.14159,-0,3.14159
0.4,0,0.492457,3.14159,-0,3.14159
0.4,0,0.492385,3.14159,-0,3.14159
0.4,0,0.492313,3.14159,-0,3.14159
0.4,0,0.49224,3.14159,-0,3.14159
0.4,0,0.492166,3.14159,-0,3.14159
0.4,0,0.492092,3.14159,-0,3.14159
0.4,0,0.492018,3.14159,-0,3.14159
0.4,0,0.491943,3.14159,-0,3.14159
0.4,0,0.491867,3.14159,-0,3.14159
0.4,0,0.491791,3.14159,-0,3.14159
0.4,0,0.491715,3.14159,-0,3.14159
0.4,0,0.491637,3.14159,-0,3.14159
0.4,0,0.49156,3.14159,-0,3.14159
0.4,0,0.491482,3.14159,-0,3.14159
0.4,0,0.491403,3.14159,-0,3.14159
0.4,0,0.491323,3.14159,-0,3.14159
0.4,0,0.491244,3.14159,-0,3.14159
0.4,0,0.491163,3.14159,-0,3.14159
0.4,0,0.491082,3.14159,-0,3.14159
0.4,0,0.491001,3.14159,-0,3.14159
0.4,0,0.490919,3.14159,-0,3.14159
0.4,0,0.490836,3.14159,-0,3.14159
0.4,0,0.490753,3.14159,-0,3.14159
0.4,0,0.490669,3.14159,-0,3.14159
0.4,0,0.490585,3.14159,-0,3.14159
0.4,0,0.4905,3.14159,-0,3.14159
0.4,0,0.490414,3.14159,-0,3.14159
0.4,0,0.490328,3.14159,-0,3.14159
0.4,0,0.490242,3.14159,-0,3.14159
0.4,0,0.490155,3.14159,-0,3.14159
0.4,0,0.490067,3.14159,-0,3.14159
0.4,0,0.489978,3.14159,-0,3.14159
0.4,0,0.48989,3.14159,-0,3.14159
0.4,0,0.4898,3.14159,-0,3.14159
0.4,0,0.48971,3.14159,-0,3.14159
0.4,0,0.489619,3.14159,-0,3.14159
0.4,0,0.489528,3.14159,-0,3.14159
0.4,0,0.489436,3.14159,-0,3.14159
0.4,0,0.489344,3.14159,-0,3.14159
0.4,0,0.489251,3.14159,-0,3.14159
0.4,0,0.489157,3.14159,-0,3.14159
0.4,0,0.489063,3.14159,-0,3.14159
0.4,0,0.488968,3.14159,-0,3.14159
0.4,0,0.488873,3.14159,-0,3.14159
0.4,0,0.488777,3.14159,-0,3.14159
0.4,0,0.48868,3.14159,-0,3.14159
0.4,0,0.488583,3.14159,-0,3.14159
0.4,0,0.488485,3.14159,-0,3.14159
0.4,0,0.488386,3.14159,-0,3.14159
0.4,0,0.488287,3.14159,-0,3.14159
0.4,0,0.488188,3.14159,-0,3.14159
0.4,0,0.488087,3.14159,-0,3.14159
0.4,0,0.487986,3.14159,-0,3.14159
0.4,0,0.487885,3.14159,-0,3.14159
0.4,0,0.487783,3.14159,-0,3.14159
0.4,0,0.48768,3.14159,-0,3.14159
0.4,0,0.487576,3.14159,-0,3.14159
0.4,0,0.487472,3.14159,-0,3.14159
0.4,0,0.487367,3.14159,-0,3.14159
0.4,0,0.487262,3.14159,-0,3.14159
0.4,0,0.487156,3.14159,-0,3.14159
0.4,0,0.48705,3.14159,-0,3.14159
0.4,0,0.486942,3.14159,-0,3.14159
0.4,0,0.486834,3.14159,-0,3.14159
0.4,0,0.486726,3.14159,-0,3.14159
0.4,0,0.486617,3.14159,-0,3.14159
0.4,0,0.486507,3.14159,-0,3.14159
0.4,0,0.486396,3.14159,-0,3.14159
0.4,0,0.486285,3.14159,-0,3.14159
0.4,0,0.486174,3.14159,-0,3.14159
0.4,0,0.486061,3.14159,-0,3.14159
0.4,0,0.485948,3.14159,-0,3.14159
0.4,0,0.485834,3.14159,-0,3.14159
0.4,0,0.48572,3.14159,-0,3.14159
0.4,0,0.485605,3.14159,-0,3.14159
0.4,0,0.485489,3.14159,-0,3.14159
0.4,0,0.485373,3.14159,-0,3.14159
0.4,0,0.485256,3.14159,-0,3.14159
0.4,0,0.485138,3.14159,-0,3.14159
0.4,0,0.48502,3.14159,-0,3.14159
0.4,0,0.484901,3.14159,-0,3.14159
0.4,0,0.484781,3.14159,-0,3.14159
0.4,0,0.484661,3.14159,-0,3.14159
0.4,0,0.48454,3.14159,-0,3.14159
0.4,0,0.484418,3.14159,-0,3.14159
0.4,0,0.484295,3.14159,-0,3.14159
0.4,0,0.484172,3.14159,-0,3.14159
0.4,0,0.484049,3.14159,-0,3.14159
0.4,0,0.483924,3.14159,-0,3.14159
0.4,0,0.483799,3.14159,-0,3.14159
0.4,0,0.483673,3.14159,-0,3.14159
0.4,0,0.483547,3.14159,-0,3.14159
0.4,0,0.48342,3.14159,-0,3.14159
0.4,0,0.483292,3.14159,-0,3.14159
0.4,0,0.483163,3.14159,-0,3.14159
0.4,0,0.483034,3.14159,-0,3.14159
0.4,0,0.482904,3.14159,-0,3.14159
0.4,0,0.482773,3.14159,-0,3.14159
0.4,0,0.482642,3.14159,-0,3.14159
0.4,0,0.48251,3.14159,-0,3.14159
0.4,0,0.482377,3.14159,-0,3.14159
0.4,0,0.482244,3.14159,-0,3.14159
0.4,0,0.48211,3.14159,-0,3.14159
0.4,0,0.481975,3.14159,-0,3.14159
0.4,0,0.481839,3.14159,-0,3.14159
0.4,0,0.481703,3.14159,-0,3.14159
0.4,0,0.481566,3.14159,-0,3.14159
0.4,0,0.481429,3.14159,-0,3.14159
0.4,0,0.48129,3.14159,-0,3.14159
0.4,0,0.481151,3.14159,-0,3.14159
0.4,0,0.481011,3.14159,-0,3.14159
0.4,0,0.480871,3.14159,-0,3.14159
0.4,0,0.48073,3.14159,-0,3.14159
0.4,0,0.480588,3.14159,-0,3.14159
0.4,0,0.480445,3.14159,-0,3.14159
0.4,0,0.480302,3.14159,-0,3.14159
0.4,0,0.480158,3.14159,-0,3.14159
0.4,0,0.480013,3.14159,-0,3.14159
0.4,0,0.479867,3.14159,-0,3.14159
0.4,0,0.479721,3.14159,-0,3.14159
0.4,0,0.479574,3.14159,-0,3.14159
0.4,0,0.479427,3.14159,-0,3.14159
0.4,0,0.479278,3.14159,-0,3.14159
0.4,0,0.479129,3.14159,-0,3.14159
0.4,0,0.478979,3.14159,-0,3.14159
0.4,0,0.478829,3.14159,-0,3.14159
0.4,0,0.478678,3.14159,-0,3.14159
0.4,0,0.478526,3.14159,-0,3.14159
0.4,0,0.478373,3.14159,-0,3.14159
0.4,0,0.478219,3.14159,-0,3.14159
0.4,0,0.478065,3.14159,-0,3.14159
0.4,0,0.47791,3.14159,-0,3.14159
0.4,0,0.477755,3.14159,-0,3.14159
0.4,0,0.477598,3.14159,-0,3.14159
0.4,0,0.477441,3.14159,-0,3.14159
0.4,0,0.477283,3.14159,-0,3.14159
0.4,0,0.477125,3.14159,-0,3.14159
0.4,0,0.476965,3.14159,-0,3.14159
0.4,0,0.476805,3.14159,-0,3.14159
0.4,0,0.476644,3.14159,-0,3.14159
0.4,0,0.476483,3.14159,-0,3.14159
0.4,0,0.476321,3.14159,-0,3.14159
0.4,0,0.476158,3.14159,-0,3.14159
0.4,0,0.475994,3.14159,-0,3.14159
0.4,0,0.475829,3.14159,-0,3.14159
0.4,0,0.475664,3.14159,-0,3.14159
0.4,0,0.475498,3.14159,-0,3.14159
0.4,0,0.475331,3.14159,-0,3.14159
0.4,0,0.475164,3.14159,-0,3.14159
0.4,0,0.474996,3.14159,-0,3.14159
0.4,0,0.474827,3.14159,-0,3.14159
0.4,0,0.474657,3.14159,-0,3.14159
0.4,0,0.474487,3.14159,-0,3.14159
0.4,0,0.474315,3.14159,-0,3.14159
0.4,0,0.474143,3.14159,-0,3.14159
0.4,0,0.473971,3.14159,-0,3.14159
0.4,0,0.473797,3.14159,-0,3.14159
0.4,0,0.473623,3.14159,-0,3.14159
0.4,0,0.473448,3.14159,-0,3.14159
0.4,0,0.473273,3.14159,-0,3.14159
0.4,0,0.473096,3.14159,-0,3.14159
0.4,0,0.472919,3.14159,-0,3.14159
0.4,0,0.472741,3.14159,-0,3.14159
0.4,0,0.472562,3.14159,-0,3.14159
0.4,0,0.472383,3.14159,-0,3.14159
0.4,0,0.472203,3.14159,-0,3.14159
0.4,0,0.472022,3.14159,-0,3.14159
0.4,0,0.47184,3.14159,-0,3.14159
0.4,0,0.471658,3.14159,-0,3.14159
0.4,0,0.471475,3.14159,-0,3.14159
0.4,0,0.471291,3.14159,-0,3.14159
0.4,0,0.471106,3.14159,-0,3.14159
0.4,0,0.470921,3.14159,-0,3.14159
0.4,0,0.470735,3.14159,-0,3.14159
0.4,0,0.470548,3.14159,-0,3.14159
0.4,0,0.47036,3.14159,-0,3.14159
0.4,0,0.470172,3.14159,-0,3.14159
0.4,0,0.469983,3.14159,-0,3.14159
0.4,0,0.469793,3.14159,-0,3.14159
0.4,0,0.469602,3.14159,-0,3.14159
0.4,0,0.469411,3.14159,-0,3.14159
0.4,0,0.469219,3.14159,-0,3.14159
0.4,0,0.469026,3.14159,-0,3.14159
0.4,0,0.468832,3.14159,-0,3.14159
0.4,0,0.468638,3.14159,-0,3.14159
0.4,0,0.468443,3.14159,-0,3.14159
0.4,0,0.468247,3.14159,-0,3.14159
0.4,0,0.46805,3.14159,-0,3.14159
0.4,0,0.467853,3.14159,-0,3.14159
0.4,0,0.467655,3.14159,-0,3.14159
0.4,0,0.467456,3.14159,-0,3.14159
0.4,0,0.467256,3.14159,-0,3.14159
0.4,0,0.467056,3.14159,-0,3.14159
0.4,0,0.466855,3.14159,-0,3.14159
0.4,0,0.466653,3.14159,-0,3.14159
0.4,0,0.46645,3.14159,-0,3.14159
0.4,0,0.466247,3.14159,-0,3.14159
0.4,0,0.466043,3.14159,-0,3.14159
0.4,0,0.465838,3.14159,-0,3.14159
0.4,0,0.465633,3.14159,-0,3.14159
0.4,0,0.465426,3.14159,-0,3.14159
0.4,0,0.465219,3.14159,-0,3.14159
0.4,0,0.465012,3.14159,-0,3.14159
0.4,0,0.464803,3.14159,-0,3.14159
0.4,0,0.464594,3.14159,-0,3.14159
0.4,0,0.464384,3.14159,-0,3.14159
0.4,0,0.464173,3.14159,-0,3.14159
0.4,0,0.463962,3.14159,-0,3.14159
0.4,0,0.463749,3.14159,-0,3.14159
0.4,0,0.463536,3.14159,-0,3.14159
0.4,0,0.463323,3.14159,-0,3.14159
0.4,0,0.463108,3.14159,-0,3.14159
0.4,0,0.462893,3.14159,-0,3.14159
0.4,0,0.462677,3.14159,-0,3.14159
0.4,0,0.462461,3.14159,-0,3.14159
0.4,0,0.462243,3.14159,-0,3.14159
0.4,0,0.462025,3.14159,-0,3.14159
0.4,0,0.461807,3.14159,-0,3.14159
0.4,0,0.461587,3.14159,-0,3.14159
0.4,0,0.461367,3.14159,-0,3.14159
0.4,0,0.461146,3.14159,-0,3.14159
0.4,0,0.460924,3.14159,-0,3.14159
0.4,0,0.460702,3.14159,-0,3.14159
0.4,0,0.460479,3.14159,-0,3.14159
0.4,0,0.460255,3.14159,-0,3.14159
0.4,0,0.46003,3.14159,-0,3.14159
0.4,0,0.459805,3.14159,-0,3.14159
0.4,0,0.459579,3.14159,-0,3.14159
0.4,0,0.459352,3.14159,-0,3.14159
0.4,0,0.459125,3.14159,-0,3.14159
0.4,0,0.458897,3.14159,-0,3.14159
0.4,0,0.458668,3.14159,-0,3.14159
0.4,0,0.458438,3.14159,-0,3.14159
0.4,0,0.458208,3.14159,-0,3.14159
0.4,0,0.457977,3.14159,-0,3.14159
0.4,0,0.457745,3.14159,-0,3.14159
0.4,0,0.457513,3.14159,-0,3.14159
0.4,0,0.457279,3.14159,-0,3.14159
0.4,0,0.457046,3.14159,-0,3.14159
0.4,0,0.456811,3.14159,-0,3.14159
0.4,0,0.456576,3.14159,-0,3.14159
0.4,0,0.45634,3.14159,-0,3.14159
0.4,0,0.456103,3.14159,-0,3.14159
0.4,0,0.455866,3.14159,-0,3.14159
0.4,0,0.455628,3.14159,-0,3.14159
0.4,0,0.455389,3.14159,-0,3.14159
0.4,0,0.45515,3.14159,-0,3.14159
0.4,0,0.45491,3.14159,-0,3.14159
0.4,0,0.454669,3.14159,-0,3.14159
0.4,0,0.454428,3.14159,-0,3.14159
0.4,0,0.454185,3.14159,-0,3.14159
0.4,0,0.453943,3.14159,-0,3.14159
0.4,0,0.453699,3.14159,-0,3.14159
0.4,0,0.453455,3.14159,-0,3.14159
0.4,0,0.45321,3.14159,-0,3.14159
0.4,0,0.452964,3.14159,-0,3.14159
0.4,0,0.452718,3.14159,-0,3.14159
0.4,0,0.452471,3.14159,-0,3.14159
0.4,0,0.452224,3.14159,-0,3.14159
0.4,0,0.451976,3.14159,-0,3.14159
0.4,0,0.451727,3.14159,-0,3.14159
0.4,0,0.451477,3.14159,-0,3.14159
0.4,0,0.451227,3.14159,-0,3.14159
0.4,0,0.450976,3.14159,-0,3.14159
0.4,0,0.450724,3.14159,-0,3.14159
0.4,0,0.450472,3.14159,-0,3.14159
0.4,0,0.450219,3.14159,-0,3.14159
0.4,0,0.449966,3.14159,-0,3.14159
0.4,0,0.449712,3.14159,-0,3.14159
0.4,0,0.449457,3.14159,-0,3.14159
0.4,0,0.449201,3.14159,-0,3.14159
0.4,0,0.448945,3.14159,-0,3.14159
0.4,0,0.448689,3.14159,-0,3.14159
0.4,0,0.448431,3.14159,-0,3.14159
0.4,0,0.448173,3.14159,-0,3.14159
0.4,0,0.447915,3.14159,-0,3.14159
0.4,0,0.447655,3.14159,-0,3.14159
0.4,0,0.447395,3.14159,-0,3.14159
0.4,0,0.447135,3.14159,-0,3.14159
0.4,0,0.446874,3.14159,-0,3.14159
0.4,0,0.446612,3.14159,-0,3.14159
0.4,0,0.44635,3.14159,-0,3.14159
0.4,0,0.446087,3.14159,-0,3.14159
0.4,0,0.445823,3.14159,-0,3.14159
0.4,0,0.445559,3.14159,-0,3.14159
0.4,0,0.445294,3.14159,-0,3.14159
0.4,0,0.445028,3.14159,-0,3.14159
0.4,0,0.444762,3.14159,-0,3.14159
0.4,0,0.444496,3.14159,-0,3.14159
0.4,0,0.444228,3.14159,-0,3.14159
0.4,0,0.44396,3.14159,-0,3.14159
0.4,0,0.443692,3.14159,-0,3.14159
0.4,0,0.443423,3.14159,-0,3.14159
0.4,0,0.443153,3.14159,-0,3.14159
0.4,0,0.442883,3.14159,-0,3.14159
0.4,0,0.442612,3.14159,-0,3.14159
0.4,0,0.442341,3.14159,-0,3.14159
0.4,0,0.442069,3.14159,-0,3.14159
0.4,0,0.441796,3.14159,-0,3.14159
0.4,0,0.441523,3.14159,-0,3.14159
0.4,0,0.441249,3.14159,-0,3.14159
0.4,0,0.440975,3.14159,-0,3.14159
0.4,0,0.4407,3.14159,-0,3.14159
0.4,0,0.440425,3.14159,-0,3.14159
0.4,0,0.440149,3.14159,-0,3.14159
0.4,0,0.439872,3.14159,-0,3.14159
0.4,0,0.439595,3.14159,-0,3.14159
0.4,0,0.439318,3.14159,-0,3.14159
0.4,0,0.43904,3.14159,-0,3.14159
0.4,0,0.438761,3.14159,-0,3.14159
0.4,0,0.438482,3.14159,-0,3.14159
0.4,0,0.438202,3.14159,-0,3.14159
0.4,0,0.437921,3.14159,-0,3.14159
0.4,0,0.437641,3.14159,-0,3.14159
0.4,0,0.437359,3.14159,-0,3.14159
0.4,0,0.437077,3.14159,-0,3.14159
0.4,0,0.436795,3.14159,-0,3.14159
0.4,0,0.436512,3.14159,-0,3.14159
0.4,0,0.436228,3.14159,-0,3.14159
0.4,0,0.435944,3.14159,-0,3.14159
0.4,0,0.43566,3.14159,-0,3.14159
0.4,0,0.435375,3.14159,-0,3.14159
0.4,0,0.435089,3.14159,-0,3.14159
0.4,0,0.434803,3.14159,-0,3.14159
0.4,0,0.434517,3.14159,-0,3.14159
0.4,0,0.43423,3.14159,-0,3.14159
0.4,0,0.433942,3.14159,-0,3.14159
0.4,0,0.433654,3.14159,-0,3.14159
0.4,0,0.433366,3.14159,-0,3.14159
0.4,0,0.433077,3.14159,-0,3.14159
0.4,0,0.432788,3.14159,-0,3.14159
0.4,0,0.432498,3.14159,-0,3.14159
0.4,0,0.432207,3.14159,-0,3.14159
0.4,0,0.431916,3.14159,-0,3.14159
0.4,0,0.431625,3.14159,-0,3.14159
0.4,0,0.431333,3.14159,-0,3.14159
0.4,0,0.431041,3.14159,-0,3.14159
0.4,0,0.430749,3.14159,-0,3.14159
0.4,0,0.430455,3.14159,-0,3.14159
0.4,0,0.430162,3.14159,-0,3.14159
0.4,0,0.429868,3.14159,-0,3.14159
0.4,0,0.429573,3.14159,-0,3.14159
0.4,0,0.429278,3.14159,-0,3.14159
0.4,0,0.428983,3.14159,-0,3.14159
0.4,0,0.428687,3.14159,-0,3.14159
0.4,0,0.428391,3.14159,-0,3.14159
0.4,0,0.428095,3.14159,-0,3.14159
0.4,0,0.427798,3.14159,-0,3.14159
0.4,0,0.4275,3.14159,-0,3.14159
0.4,0,0.427202,3.14159,-0,3.14159
0.4,0,0.426904,3.14159,-0,3.14159
0.4,0,0.426606,3.14159,-0,3.14159
0.4,0,0.426307,3.14159,-0,3.14159
0.4,0,0.426007,3.14159,-0,3.14159
0.4,0,0.425707,3.14159,-0,3.14159
0.4,0,0.425407,3.14159,-0,3.14159
0.4,0,0.425106,3.14159,-0,3.14159
0.4,0,0.424806,3.14159,-0,3.14159
0.4,0,0.424504,3.14159,-0,3.14159
0.4,0,0.424202,3.14159,-0,3.14159
0.4,0,0.4239,3.14159,-0,3.14159
0.4,0,0.423598,3.14159,-0,3.14159
0.4,0,0.423295,3.14159,-0,3.14159
0.4,0,0.422992,3.14159,-0,3.14159
0.4,0,0.422688,3.14159,-0,3.14159
0.4,0,0.422385,3.14159,-0,3.14159
0.4,0,0.42208,3.14159,-0,3.14159
0.4,0,0.421776,3.14159,-0,3.14159
0.4,0,0.421471,3.14159,-0,3.14159
0.4,0,0.421166,3.14159,-0,3.14159
0.4,0,0.42086,3.14159,-0,3.14159
0.4,0,0.420554,3.14159,-0,3.14159
0.4,0,0.420248,3.14159,-0,3.14159
0.4,0,0.419942,3.14159,-0,3.14159
0.4,0,0.419635,3.14159,-0,3.14159
0.4,0,0.419328,3.14159,-0,3.14159
0.4,0,0.41902,3.14159,-0,3.14159
0.4,0,0.418712,3.14159,-0,3.14159
0.4,0,0.418404,3.14159,-0,3.14159
0.4,0,0.418096,3.14159,-0,3.14159
0.4,0,0.417788,3.14159,-0,3.14159
0.4,0,0.417479,3.14159,-0,3.14159
0.4,0,0.417169,3.14159,-0,3.14159
0.4,0,0.41686,3.14159,-0,3.14159
0.4,0,0.41655,3.14159,-0,3.14159
0.4,0,0.41624,3.14159,-0,3.14159
0.4,0,0.41593,3.14159,-0,3.14159
0.4,0,0.41562,3.14159,-0,3.14159
0.4,0,0.415309,3.14159,-0,3.14159
0.4,0,0.414998,3.14159,-0,3.14159
0.4,0,0.414687,3.14159,-0,3.14159
0.4,0,0.414375,3.14159,-0,3.14159
0.4,0,0.414063,3.14159,-0,3.14159
0.4,0,0.413751,3.14159,-0,3.14159
0.4,0,0.413439,3.14159,-0,3.14159
0.4,0,0.413127,3.14159,-0,3.14159
0.4,0,0.412814,3.14159,-0,3.14159
0.4,0,0.412501,3.14159,-0,3.14159
0.4,0,0.412188,3.14159,-0,3.14159
0.4,0,0.411875,3.14159,-0,3.14159
0.4,0,0.411562,3.14159,-0,3.14159
0.4,0,0.411248,3.14159,-0,3.14159
0.4,0,0.410934,3.14159,-0,3.14159
0.4,0,0.41062,3.14159,-0,3.14159
0.4,0,0.410306,3.14159,-0,3.14159
0.4,0,0.409992,3.14159,-0,3.14159
0.4,0,0.409677,3.14159,-0,3.14159
0.4,0,0.409362,3.14159,-0,3.14159
0.4,0,0.409047,3.14159,-0,3.14159
0.4,0,0.408732,3.14159,-0,3.14159
0.4,0,0.408417,3.14159,-0,3.14159
0.4,0,0.408102,3.14159,-0,3.14159
0.4,0,0.407786,3.14159,-0,3.14159
0.4,0,0.40747,3.14159,-0,3.14159
0.4,0,0.407155,3.14159,-0,3.14159
0.4,0,0.406839,3.14159,-0,3.14159
0.4,0,0.406523,3.14159,-0,3.14159
0.4,0,0.406206,3.14159,-0,3.14159
0.4,0,0.40589,3.14159,-0,3.14159
0.4,0,0.405574,3.14159,-0,3.14159
0.4,0,0.405257,3.14159,-0,3.14159
0.4,0,0.40494,3.14159,-0,3.14159
0.4,0,0.404624,3.14159,-0,3.14159
0.4,0,0.404307,3.14159,-0,3.14159
0.4,0,0.40399,3.14159,-0,3.14159
0.4,0,0.403673,3.14159,-0,3.14159
0.4,0,0.403356,3.14159,-0,3.14159
0.4,0,0.403038,3.14159,-0,3.14159
0.4,0,0.402721,3.14159,-0,3.14159
0.4,0,0.402404,3.14159,-0,3.14159
0.4,0,0.402086,3.14159,-0,3.14159
0.4,0,0.401769,3.14159,-0,3.14159
0.4,0,0.401451,3.14159,-0,3.14159
0.4,0,0.401134,3.14159,-0,3.14159
0.4,0,0.400816,3.14159,-0,3.14159
0.4,0,0.400498,3.14159,-0,3.14159
0.4,0,0.40018,3.14159,-0,3.14159
0.4,0,0.399863,3.14159,-0,3.14159
0.4,0,0.399545,3.14159,-0,3.14159
0.4,0,0.399227,3.14159,-0,3.14159
0.4,0,0.398909,3.14159,-0,3.14159
0.4,0,0.398591,3.14159,-0,3.14159
0.4,0,0.398273,3.14159,-0,3.14159
0.4,0,0.397955,3.14159,-0,3.14159
0.4,0,0.397638,3.14159,-0,3.14159
0.4,0,0.39732,3.14159,-0,3.14159
0.4,0,0.397002,3.14159,-0,3.14159
0.4,0,0.396684,3.14159,-0,3.14159
0.4,0,0.396366,3.14159,-0,3.14159
0.4,0,0.396048,3.14159,-0,3.14159
0.4,0,0.39573,3.14159,-0,3.14159
0.4,0,0.395413,3.14159,-0,3.14159
0.4,0,0.395095,3.14159,-0,3.14159
0.4,0,0.394777,3.14159,-0,3.14159
0.4,0,0.394459,3.14159,-0,3.14159
0.4,0,0.394142,3.14159,-0,3.14159
0.4,0,0.393824,3.14159,-0,3.14159
0.4,0,0.393507,3.14159,-0,3.14159
0.4,0,0.393189,3.14159,-0,3.14159
0.4,0,0.392872,3.14159,-0,3.14159
0.4,0,0.392554,3.14159,-0,3.14159
0.4,0,0.392237,3.14159,-0,3.14159
0.4,0,0.39192,3.14159,-0,3.14159
0.4,0,0.391603,3.14159,-0,3.14159
0.4,0,0.391286,3.14159,-0,3.14159
0.4,0,0.390969,3.14159,-0,3.14159
0.4,0,0.390652,3.14159,-0,3.14159
0.4,0,0.390336,3.14159,-0,3.14159
0.4,0,0.390019,3.14159,-0,3.14159
0.4,0,0.389702,3.14159,-0,3.14159
0.4,0,0.389386,3.14159,-0,3.14159
0.4,0,0.38907,3.14159,-0,3.14159
0.4,0,0.388754,3.14159,-0,3.14159
0.4,0,0.388438,3.14159,-0,3.14159
0.4,0,0.388122,3.14159,-0,3.14159
0.4,0,0.387806,3.14159,-0,3.14159
0.4,0,0.387491,3.14159,-0,3.14159
0.4,0,0.387175,3.14159,-0,3.14159
0.4,0,0.38686,3.14159,-0,3.14159
0.4,0,0.386545,3.14159,-0,3.14159
0.4,0,0.38623,3.14159,-0,3.14159
0.4,0,0.385915,3.14159,-0,3.14159
0.4,0,0.3856,3.14159,-0,3.14159
0.4,0,0.385286,3.14159,-0,3.14159
0.4,0,0.384972,3.14159,-0,3.14159
0.4,0,0.384658,3.14159,-0,3.14159
0.4,0,0.384344,3.14159,-0,3.14159
0.4,0,0.38403,3.14159,-0,3.14159
0.4,0,0.383717,3.14159,-0,3.14159
0.4,0,0.383403,3.14159,-0,3.14159
0.4,0,0.38309,3.14159,-0,3.14159
0.4,0,0.382777,3.14159,-0,3.14159
0.4,0,0.382465,3.14159,-0,3.14159
0.4,0,0.382152,3.14159,-0,3.14159
0.4,0,0.38184,3.14159,-0,3.14159
0.4,0,0.381528,3.14159,-0,3.14159
0.4,0,0.381216,3.14159,-0,3.14159
0.4,0,0.380905,3.14159,-0,3.14159
0.4,0,0.380593,3.14159,-0,3.14159
0.4,0,0.380282,3.14159,-0,3.14159
0.4,0,0.379972,3.14159,-0,3.14159
0.4,0,0.379661,3.14159,-0,3.14159
0.4,0,0.379351,3.14159,-0,3.14159
0.4,0,0.379041,3.14159,-0,3.14159
0.4,0,0.378731,3.14159,-0,3.14159
0.4,0,0.378422,3.14159,-0,3.14159
0.4,0,0.378113,3.14159,-0,3.14159
0.4,0,0.377804,3.14159,-0,3.14159
0.4,0,0.377495,3.14159,-0,3.14159
0.4,0,0.377187,3.14159,-0,3.14159
0.4,0,0.376879,3.14159,-0,3.14159
0.4,0,0.376571,3.14159,-0,3.14159
0.4,0,0.376264,3.14159,-0,3.14159
0.4,0,0.375957,3.14159,-0,3.14159
0.4,0,0.37565,3.14159,-0,3.14159
0.4,0,0.375343,3.14159,-0,3.14159
0.4,0,0.375037,3.14159,-0,3.14159
0.4,0,0.374731,3.14159,-0,3.14159
0.4,0,0.374426,3.14159,-0,3.14159
0.4,0,0.374121,3.14159,-0,3.14159
0.4,0,0.373816,3.14159,-0,3.14159
0.4,0,0.373511,3.14159,-0,3.14159
0.4,0,0.373207,3.14159,-0,3.14159
0.4,0,0.372903,3.14159,-0,3.14159
0.4,0,0.3726,3.14159,-0,3.14159
0.4,0,0.372297,3.14159,-0,3.14159
0.4,0,0.371994,3.14159,-0,3.14159
0.4,0,0.371692,3.14159,-0,3.14159
0.4,0,0.37139,3.14159,-0,3.14159
0.4,0,0.371088,3.14159,-0,3.14159
0.4,0,0.370787,3.14159,-0,3.14159
0.4,0,0.370486,3.14159,-0,3.14159
0.4,0,0.370186,3.14159,-0,3.14159
0.4,0,0.369886,3.14159,-0,3.14159
0.4,0,0.369586,3.14159,-0,3.14159
0.4,0,0.369287,3.14159,-0,3.14159
0.4,0,0.368988,3.14159,-0,3.14159
0.4,0,0.368689,3.14159,-0,3.14159
0.4,0,0.368391,3.14159,-0,3.14159
0.4,0,0.368094,3.14159,-0,3.14159
0.4,0,0.367797,3.14159,-0,3.14159
0.4,0,0.3675,3.14159,-0,3.14159
0.4,0,0.367204,3.14159,-0,3.14159
0.4,0,0.366908,3.14159,-0,3.14159
0.4,0,0.366612,3.14159,-0,3.14159
0.4,0,0.366317,3.14159,-0,3.14159
0.4,0,0.366022,3.14159,-0,3.14159
0.4,0,0.365728,3.14159,-0,3.14159
0.4,0,0.365435,3.14159,-0,3.14159
0.4,0,0.365141,3.14159,-0,3.14159
0.4,0,0.364849,3.14159,-0,3.14159
0.4,0,0.364556,3.14159,-0,3.14159
0.4,0,0.364264,3.14159,-0,3.14159
0.4,0,0.363973,3.14159,-0,3.14159
0.4,0,0.363682,3.14159,-0,3.14159
0.4,0,0.363392,3.14159,-0,3.14159
0.4,0,0.363102,3.14159,-0,3.14159
0.4,0,0.362812,3.14159,-0,3.14159
0.4,0,0.362523,3.14159,-0,3.14159
0.4,0,0.362235,3.14159,-0,3.14159
0.4,0,0.361947,3.14159,-0,3.14159
0.4,0,0.361659,3.14159,-0,3.14159
0.4,0,0.361372,3.14159,-0,3.14159
0.4,0,0.361086,3.14159,-0,3.14159
0.4,0,0.3608,3.14159,-0,3.14159
0.4,0,0.360514,3.14159,-0,3.14159
0.4,0,0.360229,3.14159,-0,3.14159
0.4,0,0.359945,3.14159,-0,3.14159
0.4,0,0.359661,3.14159,-0,3.14159
0.4,0,0.359378,3.14159,-0,3.14159
0.4,0,0.359095,3.14159,-0,3.14159
0.4,0,0.358813,3.14159,-0,3.14159
0.4,0,0.358531,3.14159,-0,3.14159
0.4,0,0.35825,3.14159,-0,3.14159
0.4,0,0.357969,3.14159,-0,3.14159
0.4,0,0.357689,3.14159,-0,3.14159
0.4,0,0.357409,3.14159,-0,3.14159
0.4,0,0.35713,3.14159,-0,3.14159
0.4,0,0.356852,3.14159,-0,3.14159
0.4,0,0.356574,3.14159,-0,3.14159
0.4,0,0.356296,3.14159,-0,3.14159
0.4,0,0.35602,3.14159,-0,3.14159
0.4,0,0.355743,3.14159,-0,3.14159
0.4,0,0.355468,3.14159,-0,3.14159
0.4,0,0.355193,3.14159,-0,3.14159
0.4,0,0.354918,3.14159,-0,3.14159
0.4,0,0.354644,3.14159,-0,3.14159
0.4,0,0.354371,3.14159,-0,3.14159
0.4,0,0.354098,3.14159,-0,3.14159
0.4,0,0.353826,3.14159,-0,3.14159
0.4,0,0.353555,3.14159,-0,3.14159
0.4,0,0.353284,3.14159,-0,3.14159
0.4,0,0.353013,3.14159,-0,3.14159
0.4,0,0.352744,3.14159,-0,3.14159
0.4,0,0.352475,3.14159,-0,3.14159
0.4,0,0.352206,3.14159,-0,3.14159
0.4,0,0.351938,3.14159,-0,3.14159
0.4,0,0.351671,3.14159,-0,3.14159
0.4,0,0.351404,3.14159,-0,3.14159
0.4,0,0.351138,3.14159,-0,3.14159
0.4,0,0.350873,3.14159,-0,3.14159
0.4,0,0.350608,3.14159,-0,3.14159
0.4,0,0.350344,3.14159,-0,3.14159
0.4,0,0.350081,3.14159,-0,3.14159
0.4,0,0.349818,3.14159,-0,3.14159
0.4,0,0.349555,3.14159,-0,3.14159
0.4,0,0.349294,3.14159,-0,3.14159
0.4,0,0.349033,3.14159,-0,3.14159
0.4,0,0.348773,3.14159,-0,3.14159
0.4,0,0.348513,3.14159,-0,3.14159
0.4,0,0.348254,3.14159,-0,3.14159
0.4,0,0.347996,3.14159,-0,3.14159
0.4,0,0.347738,3.14159,-0,3.14159
0.4,0,0.347481,3.14159,-0,3.14159
0.4,0,0.347225,3.14159,-0,3.14159
0.4,0,0.346969,3.14159,-0,3.14159
0.4,0,0.346714,3.14159,-0,3.14159
0.4,0,0.34646,3.14159,-0,3.14159
0.4,0,0.346206,3.14159,-0,3.14159
0.4,0,0.345953,3.14159,-0,3.14159
0.4,0,0.345701,3.14159,-0,3.14159
0.4,0,0.345449,3.14159,-0,3.14159
0.4,0,0.345198,3.14159,-0,3.14159
0.4,0,0.344948,3.14159,-0,3.14159
0.4,0,0.344698,3.14159,-0,3.14159
0.4,0,0.344449,3.14159,-0,3.14159
0.4,0,0.344201,3.14159,-0,3.14159
0.4,0,0.343954,3.14159,-0,3.14159
0.4,0,0.343707,3.14159,-0,3.14159
0.4,0,0.343461,3.14159,-0,3.14159
0.4,0,0.343215,3.14159,-0,3.14159
0.4,0,0.342971,3.14159,-0,3.14159
0.4,0,0.342727,3.14159,-0,3.14159
0.4,0,0.342483,3.14159,-0,3.14159
0.4,0,0.342241,3.14159,-0,3.14159
0.4,0,0.341999,3.14159,-0,3.14159
0.4,0,0.341758,3.14159,-0,3.14159
0.4,0,0.341517,3.14159,-0,3.14159
0.4,0,0.341278,3.14159,-0,3.14159
0.4,0,0.341039,3.14159,-0,3.14159
0.4,0,0.3408,3.14159,-0,3.14159
0.4,0,0.340563,3.14159,-0,3.14159
0.4,0,0.340326,3.14159,-0,3.14159
0.4,0,0.34009,3.14159,-0,3.14159
0.4,0,0.339855,3.14159,-0,3.14159
0.4,0,0.33962,3.14159,-0,3.14159
0.4,0,0.339386,3.14159,-0,3.14159
0.4,0,0.339153,3.14159,-0,3.14159
0.4,0,0.33892,3.14159,-0,3.14159
0.4,0,0.338689,3.14159,-0,3.14159
0.4,0,0.338458,3.14159,-0,3.14159
0.4,0,0.338228,3.14159,-0,3.14159
0.4,0,0.337998,3.14159,-0,3.14159
0.4,0,0.337769,3.14159,-0,3.14159
0.4,0,0.337541,3.14159,-0,3.14159
0.4,0,0.337314,3.14159,-0,3.14159
0.4,0,0.337088,3.14159,-0,3.14159
0.4,0,0.336862,3.14159,-0,3.14159
0.4,0,0.336637,3.14159,-0,3.14159
0.4,0,0.336413,3.14159,-0,3.14159
0.4,0,0.336189,3.14159,-0,3.14159
0.4,0,0.335966,3.14159,-0,3.14159
0.4,0,0.335744,3.14159,-0,3.14159
0.4,0,0.335523,3.14159,-0,3.14159
0.4,0,0.335303,3.14159,-0,3.14159
0.4,0,0.335083,3.14159,-0,3.14159
0.4,0,0.334864,3.14159,-0,3.14159
0.4,0,0.334646,3.14159,-0,3.14159
0.4,0,0.334429,3.14159,-0,3.14159
0.4,0,0.334212,3.14159,-0,3.14159
0.4,0,0.333996,3.14159,-0,3.14159
0.4,0,0.333781,3.14159,-0,3.14159
0.4,0,0.333567,3.14159,-0,3.14159
0.4,0,0.333353,3.14159,-0,3.14159
0.4,0,0.33314,3.14159,-0,3.14159
0.4,0,0.332928,3.14159,-0,3.14159
0.4,0,0.332717,3.14159,-0,3.14159
0.4,0,0.332507,3.14159,-0,3.14159
0.4,0,0.332297,3.14159,-0,3.14159
0.4,0,0.332088,3.14159,-0,3.14159
0.4,0,0.33188,3.14159,-0,3.14159
0.4,0,0.331673,3.14159,-0,3.14159
0.4,0,0.331466,3.14159,-0,3.14159
0.4,0,0.33126,3.14159,-0,3.14159
0.4,0,0.331055,3.14159,-0,3.14159
0.4,0,0.330851,3.14159,-0,3.14159
0.4,0,0.330648,3.14159,-0,3.14159
0.4,0,0.330445,3.14159,-0,3.14159
0.4,0,0.330243,3.14159,-0,3.14159
0.4,0,0.330042,3.14159,-0,3.14159
0.4,0,0.329842,3.14159,-0,3.14159
0.4,0,0.329642,3.14159,-0,3.14159
0.4,0,0.329444,3.14159,-0,3.14159
0.4,0,0.329246,3.14159,-0,3.14159
0.4,0,0.329049,3.14159,-0,3.14159
0.4,0,0.328852,3.14159,-0,3.14159
0.4,0,0.328657,3.14159,-0,3.14159
0.4,0,0.328462,3.14159,-0,3.14159
0.4,0,0.328268,3.14159,-0,3.14159
0.4,0,0.328075,3.14159,-0,3.14159
0.4,0,0.327882,3.14159,-0,3.14159
0.4,0,0.327691,3.14159,-0,3.14159
0.4,0,0.3275,3.14159,-0,3.14159
0.4,0,0.32731,3.14159,-0,3.14159
0.4,0,0.327121,3.14159,-0,3.14159
0.4,0,0.326932,3.14159,-0,3.14159
0.4,0,0.326745,3.14159,-0,3.14159
0.4,0,0.326558,3.14159,-0,3.14159
0.4,0,0.326372,3.14159,-0,3.14159
0.4,0,0.326187,3.14159,-0,3.14159
0.4,0,0.326002,3.14159,-0,3.14159
0.4,0,0.325818,3.14159,-0,3.14159
0.4,0,0.325636,3.14159,-0,3.14159
0.4,0,0.325454,3.14159,-0,3.14159
0.4,0,0.325272,3.14159,-0,3.14159
0.4,0,0.325092,3.14159,-0,3.14159
0.4,0,0.324912,3.14159,-0,3.14159
0.4,0,0.324733,3.14159,-0,3.14159
0.4,0,0.324555,3.14159,-0,3.14159
0.4,0,0.324378,3.14159,-0,3.14159
0.4,0,0.324201,3.14159,-0,3.14159
0.4,0,0.324026,3.14159,-0,3.14159
0.4,0,0.323851,3.14159,-0,3.14159
0.4,0,0.323677,3.14159,-0,3.14159
0.4,0,0.323503,3.14159,-0,3.14159
0.4,0,0.323331,3.14159,-0,3.14159
0.4,0,0.323159,3.14159,-0,3.14159
0.4,0,0.322988,3.14159,-0,3.14159
0.4,0,0.322818,3.14159,-0,3.14159
0.4,0,0.322648,3.14159,-0,3.14159
0.4,0,0.32248,3.14159,-0,3.14159
0.4,0,0.322312,3.14159,-0,3.14159
0.4,0,0.322145,3.14159,-0,3.14159
0.4,0,0.321979,3.14159,-0,3.14159
0.4,0,0.321814,3.14159,-0,3.14159
0.4,0,0.321649,3.14159,-0,3.14159
0.4,0,0.321485,3.14159,-0,3.14159
0.4,0,0.321322,3.14159,-0,3.14159
0.4,0,0.32116,3.14159,-0,3.14159
0.4,0,0.320998,3.14159,-0,3.14159
0.4,0,0.320838,3.14159,-0,3.14159
0.4,0,0.320678,3.14159,-0,3.14159
0.4,0,0.320519,3.14159,-0,3.14159
0.4,0,0.320361,3.14159,-0,3.14159
0.4,0,0.320203,3.14159,-0,3.14159
0.4,0,0.320046,3.14159,-0,3.14159
0.4,0,0.31989,3.14159,-0,3.14159
0.4,0,0.319735,3.14159,-0,3.14159
0.4,0,0.319581,3.14159,-0,3.14159
0.4,0,0.319427,3.14159,-0,3.14159
0.4,0,0.319275,3.14159,-0,3.14159
0.4,0,0.319123,3.14159,-0,3.14159
0.4,0,0.318971,3.14159,-0,3.14159
0.4,0,0.318821,3.14159,-0,3.14159
0.4,0,0.318671,3.14159,-0,3.14159
0.4,0,0.318522,3.14159,-0,3.14159
0.4,0,0.318374,3.14159,-0,3.14159
0.4,0,0.318227,3.14159,-0,3.14159
0.4,0,0.31808,3.14159,-0,3.14159
0.4,0,0.317935,3.14159,-0,3.14159
0.4,0,0.317789,3.14159,-0,3.14159
0.4,0,0.317645,3.14159,-0,3.14159
0.4,0,0.317502,3.14159,-0,3.14159
0.4,0,0.317359,3.14159,-0,3.14159
0.4,0,0.317217,3.14159,-0,3.14159
0.4,0,0.317076,3.14159,-0,3.14159
0.4,0,0.316936,3.14159,-0,3.14159
0.4,0,0.316796,3.14159,-0,3.14159
0.4,0,0.316657,3.14159,-0,3.14159
0.4,0,0.316519,3.14159,-0,3.14159
0.4,0,0.316382,3.14159,-0,3.14159
0.4,0,0.316245,3.14159,-0,3.14159
0.4,0,0.316109,3.14159,-0,3.14159
0.4,0,0.315974,3.14159,-0,3.14159
0.4,0,0.31584,3.14159,-0,3.14159
0.4,0,0.315706,3.14159,-0,3.14159
0.4,0,0.315574,3.14159,-0,3.14159
0.4,0,0.315442,3.14159,-0,3.14159
0.4,0,0.31531,3.14159,-0,3.14159
0.4,0,0.31518,3.14159,-0,3.14159
0.4,0,0.31505,3.14159,-0,3.14159
0.4,0,0.314921,3.14159,-0,3.14159
0.4,0,0.314793,3.14159,-0,3.14159
0.4,0,0.314665,3.14159,-0,3.14159
0.4,0,0.314539,3.14159,-0,3.14159
0.4,0,0.314412,3.14159,-0,3.14159
0.4,0,0.314287,3.14159,-0,3.14159
0.4,0,0.314163,3.14159,-0,3.14159
0.4,0,0.314039,3.14159,-0,3.14159
0.4,0,0.313916,3.14159,-0,3.14159
0.4,0,0.313793,3.14159,-0,3.14159
0.4,0,0.313672,3.14159,-0,3.14159
0.4,0,0.313551,3.14159,-0,3.14159
0.4,0,0.313431,3.14159,-0,3.14159
0.4,0,0.313311,3.14159,-0,3.14159
0.4,0,0.313193,3.14159,-0,3.14159
0.4,0,0.313075,3.14159,-0,3.14159
0.4,0,0.312958,3.14159,-0,3.14159
0.4,0,0.312841,3.14159,-0,3.14159
0.4,0,0.312725,3.14159,-0,3.14159
0.4,0,0.31261,3.14159,-0,3.14159
0.4,0,0.312496,3.14159,-0,3.14159
0.4,0,0.312382,3.14159,-0,3.14159
0.4,0,0.312269,3.14159,-0,3.14159
0.4,0,0.312157,3.14159,-0,3.14159
0.4,0,0.312046,3.14159,-0,3.14159
0.4,0,0.311935,3.14159,-0,3.14159
0.4,0,0.311825,3.14159,-0,3.14159
0.4,0,0.311715,3.14159,-0,3.14159
0.4,0,0.311607,3.14159,-0,3.14159
0.4,0,0.311499,3.14159,-0,3.14159
0.4,0,0.311392,3.14159,-0,3.14159
0.4,0,0.311285,3.14159,-0,3.14159
0.4,0,0.311179,3.14159,-0,3.14159
0.4,0,0.311074,3.14159,-0,3.14159
0.4,0,0.310969,3.14159,-0,3.14159
0.4,0,0.310866,3.14159,-0,3.14159
0.4,0,0.310763,3.14159,-0,3.14159
0.4,0,0.31066,3.14159,-0,3.14159
0.4,0,0.310558,3.14159,-0,3.14159
0.4,0,0.310457,3.14159,-0,3.14159
0.4,0,0.310357,3.14159,-0,3.14159
0.4,0,0.310257,3.14159,-0,3.14159
0.4,0,0.310158,3.14159,-0,3.14159
0.4,0,0.31006,3.14159,-0,3.14159
0.4,0,0.309962,3.14159,-0,3.14159
0.4,0,0.309865,3.14159,-0,3.14159
0.4,0,0.309769,3.14159,-0,3.14159
0.4,0,0.309673,3.14159,-0,3.14159
0.4,0,0.309578,3.14159,-0,3.14159
0.4,0,0.309484,3.14159,-0,3.14159
0.4,0,0.30939,3.14159,-0,3.14159
0.4,0,0.309297,3.14159,-0,3.14159
0.4,0,0.309205,3.14159,-0,3.14159
0.4,0,0.309113,3.14159,-0,3.14159
0.4,0,0.309022,3.14159,-0,3.14159
0.4,0,0.308932,3.14159,-0,3.14159
0.4,0,0.308842,3.14159,-0,3.14159
0.4,0,0.308753,3.14159,-0,3.14159
0.4,0,0.308664,3.14159,-0,3.14159
0.4,0,0.308577,3.14159,-0,3.14159
0.4,0,0.308489,3.14159,-0,3.14159
0.4,0,0.308403,3.14159,-0,3.14159
0.4,0,0.308317,3.14159,-0,3.14159
0.4,0,0.308232,3.14159,-0,3.14159
0.4,0,0.308147,3.14159,-0,3.14159
0.4,0,0.308063,3.14159,-0,3.14159
0.4,0,0.30798,3.14159,-0,3.14159
0.4,0,0.307897,3.14159,-0,3.14159
0.4,0,0.307815,3.14159,-0,3.14159
0.4,0,0.307733,3.14159,-0,3.14159
0.4,0,0.307652,3.14159,-0,3.14159
0.4,0,0.307572,3.14159,-0,3.14159
0.4,0,0.307492,3.14159,-0,3.14159
0.4,0,0.307413,3.14159,-0,3.14159
0.4,0,0.307334,3.14159,-0,3.14159
0.4,0,0.307256,3.14159,-0,3.14159
0.4,0,0.307179,3.14159,-0,3.14159
0.4,0,0.307102,3.14159,-0,3.14159
0.4,0,0.307026,3.14159,-0,3.14159
0.4,0,0.306951,3.14159,-0,3.14159
0.4,0,0.306876,3.14159,-0,3.14159
0.4,0,0.306802,3.14159,-0,3.14159
0.4,0,0.306728,3.14159,-0,3.14159
0.4,0,0.306655,3.14159,-0,3.14159
0.4,0,0.306582,3.14159,-0,3.14159
0.4,0,0.30651,3.14159,-0,3.14159
0.4,0,0.306439,3.14159,-0,3.14159
0.4,0,0.306368,3.14159,-0,3.14159
0.4,0,0.306297,3.14159,-0,3.14159
0.4,0,0.306228,3.14159,-0,3.14159
0.4,0,0.306159,3.14159,-0,3.14159
0.4,0,0.30609,3.14159,-0,3.14159
0.4,0,0.306022,3.14159,-0,3.14159
0.4,0,0.305954,3.14159,-0,3.14159
0.4,0,0.305888,3.14159,-0,3.14159
0.4,0,0.305821,3.14159,-0,3.14159
0.4,0,0.305755,3.14159,-0,3.14159
0.4,0,0.30569,3.14159,-0,3.14159
0.4,0,0.305625,3.14159,-0,3.14159
0.4,0,0.305561,3.14159,-0,3.14159
0.4,0,0.305498,3.14159,-0,3.14159
0.4,0,0.305434,3.14159,-0,3.14159
0.4,0,0.305372,3.14159,-0,3.14159
0.4,0,0.30531,3.14159,-0,3.14159
0.4,0,0.305248,3.14159,-0,3.14159
0.4,0,0.305187,3.14159,-0,3.14159
0.4,0,0.305127,3.14159,-0,3.14159
0.4,0,0.305067,3.14159,-0,3.14159
0.4,0,0.305008,3.14159,-0,3.14159
0.4,0,0.304949,3.14159,-0,3.14159
0.4,0,0.30489,3.14159,-0,3.14159
0.4,0,0.304833,3.14159,-0,3.14159
0.4,0,0.304775,3.14159,-0,3.14159
0.4,0,0.304718,3.14159,-0,3.14159
0.4,0,0.304662,3.14159,-0,3.14159
0.4,0,0.304606,3.14159,-0,3.14159
0.4,0,0.304551,3.14159,-0,3.14159
0.4,0,0.304496,3.14159,-0,3.14159
0.4,0,0.304442,3.14159,-0,3.14159
0.4,0,0.304388,3.14159,-0,3.14159
0.4,0,0.304334,3.14159,-0,3.14159
0.4,0,0.304281,3.14159,-0,3.14159
0.4,0,0.304229,3.14159,-0,3.14159
0.4,0,0.304177,3.14159,-0,3.14159
0.4,0,0.304126,3.14159,-0,3.14159
0.4,0,0.304075,3.14159,-0,3.14159
0.4,0,0.304024,3.14159,-0,3.14159
0.4,0,0.303974,3.14159,-0,3.14159
0.4,0,0.303925,3.14159,-0,3.14159
0.4,0,0.303876,3.14159,-0,3.14159
0.4,0,0.303827,3.14159,-0,3.14159
0.4,0,0.303779,3.14159,-0,3.14159
0.4,0,0.303731,3.14159,-0,3.14159
0.4,0,0.303684,3.14159,-0,3.14159
0.4,0,0.303637,3.14159,-0,3.14159
0.4,0,0.303591,3.14159,-0,3.14159
0.4,0,0.303545,3.14159,-0,3.14159
0.4,0,0.303499,3.14159,-0,3.14159
0.4,0,0.303454,3.14159,-0,3.14159
0.4,0,0.30341,3.14159,-0,3.14159
0.4,0,0.303365,3.14159,-0,3.14159
0.4,0,0.303322,3.14159,-0,3.14159
0.4,0,0.303278,3.14159,-0,3.14159
0.4,0,0.303236,3.14159,-0,3.14159
0.4,0,0.303193,3.14159,-0,3.14159
0.4,0,0.303151,3.14159,-0,3.14159
0.4,0,0.303109,3.14159,-0,3.14159
0.4,0,0.303068,3.14159,-0,3.14159
0.4,0,0.303028,3.14159,-0,3.14159
0.4,0,0.302987,3.14159,-0,3.14159
0.4,0,0.302947,3.14159,-0,3.14159
0.4,0,0.302908,3.14159,-0,3.14159
0.4,0,0.302869,3.14159,-0,3.14159
0.4,0,0.30283,3.14159,-0,3.14159
0.4,0,0.302791,3.14159,-0,3.14159
0.4,0,0.302754,3.14159,-0,3.14159
0.4,0,0.302716,3.14159,-0,3.14159
0.4,0,0.302679,3.14159,-0,3.14159
0.4,0,0.302642,3.14159,-0,3.14159
0.4,0,0.302606,3.14159,-0,3.14159
0.4,0,0.30257,3.14159,-0,3.14159
0.4,0,0.302534,3.14159,-0,3.14159
0.4,0,0.302499,3.14159,-0,3.14159
0.4,0,0.302464,3.14159,-0,3.14159
0.4,0,0.302429,3.14159,-0,3.14159
0.4,0,0.302395,3.14159,-0,3.14159
0.4,0,0.302362,3.14159,-0,3.14159
0.4,0,0.302328,3.14159,-0,3.14159
0.4,0,0.302295,3.14159,-0,3.14159
0.4,0,0.302263,3.14159,-0,3.14159
0.4,0,0.30223,3.14159,-0,3.14159
0.4,0,0.302198,3.14159,-0,3.14159
0.4,0,0.302167,3.14159,-0,3.14159
0.4,0,0.302135,3.14159,-0,3.14159
0.4,0,0.302104,3.14159,-0,3.14159
0.4,0,0.302074,3.14159,-0,3.14159
0.4,0,0.302044,3.14159,-0,3.14159
0.4,0,0.302014,3.14159,-0,3.14159
0.4,0,0.301984,3.14159,-0,3.14159
0.4,0,0.301955,3.14159,-0,3.14159
0.4,0,0.301926,3.14159,-0,3.14159
0.4,0,0.301898,3.14159,-0,3.14159
0.4,0,0.301869,3.14159,-0,3.14159
0.4,0,0.301842,3.14159,-0,3.14159
0.4,0,0.301814,3.14159,-0,3.14159
0.4,0,0.301787,3.14159,-0,3.14159
0.4,0,0.30176,3.14159,-0,3.14159
0.4,0,0.301733,3.14159,-0,3.14159
0.4,0,0.301707,3.14159,-0,3.14159
0.4,0,0.301681,3.14159,-0,3.14159
0.4,0,0.301655,3.14159,-0,3.14159
0.4,0,0.30163,3.14159,-0,3.14159
0.4,0,0.301605,3.14159,-0,3.14159
0.4,0,0.30158,3.14159,-0,3.14159
0.4,0,0.301555,3.14159,-0,3.14159
0.4,0,0.301531,3.14159,-0,3.14159
0.4,0,0.301507,3.14159,-0,3.14159
0.4,0,0.301484,3.14159,-0,3.14159
0.4,0,0.30146,3.14159,-0,3.14159
0.4,0,0.301437,3.14159,-0,3.14159
0.4,0,0.301415,3.14159,-0,3.14159
0.4,0,0.301392,3.14159,-0,3.14159
0.4,0,0.30137,3.14159,-0,3.14159
0.4,0,0.301348,3.14159,-0,3.14159
0.4,0,0.301326,3.14159,-0,3.14159
0.4,0,0.301305,3.14159,-0,3.14159
0.4,0,0.301284,3.14159,-0,3.14159
0.4,0,0.301263,3.14159,-0,3.14159
0.4,0,0.301242,3.14159,-0,3.14159
0.4,0,0.301222,3.14159,-0,3.14159
0.4,0,0.301202,3.14159,-0,3.14159
0.4,0,0.301182,3.14159,-0,3.14159
0.4,0,0.301163,3.14159,-0,3.14159
0.4,0,0.301144,3.14159,-0,3.14159
0.4,0,0.301124,3.14159,-0,3.14159
0.4,0,0.301106,3.14159,-0,3.14159
0.4,0,0.301087,3.14159,-0,3.14159
0.4,0,0.301069,3.14159,-0,3.14159
0.4,0,0.301051,3.14159,-0,3.14159
0.4,0,0.301033,3.14159,-0,3.14159
0.4,0,0.301015,3.14159,-0,3.14159
0.4,0,0.300998,3.14159,-0,3.14159
0.4,0,0.300981,3.14159,-0,3.14159
0.4,0,0.300964,3.14159,-0,3.14159
0.4,0,0.300947,3.14159,-0,3.14159
0.4,0,0.300931,3.14159,-0,3.14159
0.4,0,0.300915,3.14159,-0,3.14159
0.4,0,0.300899,3.14159,-0,3.14159
0.4,0,0.300883,3.14159,-0,3.14159
0.4,0,0.300868,3.14159,-0,3.14159
0.4,0,0.300852,3.14159,-0,3.14159
0.4,0,0.300837,3.14159,-0,3.14159
0.4,0,0.300822,3.14159,-0,3.14159
0.4,0,0.300808,3.14159,-0,3.14159
0.4,0,0.300793,3.14159,-0,3.14159
0.4,0,0.300779,3.14159,-0,3.14159
0.4,0,0.300765,3.14159,-0,3.14159
0.4,0,0.300751,3.14159,-0,3.14159
0.4,0,0.300737,3.14159,-0,3.14159
0.4,0,0.300724,3.14159,-0,3.14159
0.4,0,0.30071,3.14159,-0,3.14159
0.4,0,0.300697,3.14159,-0,3.14159
0.4,0,0.300684,3.14159,-0,3.14159
0.4,0,0.300672,3.14159,-0,3.14159
0.4,0,0.300659,3.14159,-0,3.14159
0.4,0,0.300647,3.14159,-0,3.14159
0.4,0,0.300635,3.14159,-0,3.14159
0.4,0,0.300623,3.14159,-0,3.14159
0.4,0,0.300611,3.14159,-0,3.14159
0.4,0,0.300599,3.14159,-0,3.14159
0.4,0,0.300588,3.14159,-0,3.14159
0.4,0,0.300577,3.14159,-0,3.14159
0.4,0,0.300565,3.14159,-0,3.14159
0.4,0,0.300555,3.14159,-0,3.14159
0.4,0,0.300544,3.14159,-0,3.14159
0.4,0,0.300533,3.14159,-0,3.14159
0.4,0,0.300523,3.14159,-0,3.14159
0.4,0,0.300512,3.14159,-0,3.14159
0.4,0,0.300502,3.14159,-0,3.14159
0.4,0,0.300492,3.14159,-0,3.14159
0.4,0,0.300483,3.14159,-0,3.14159
0.4,0,0.300473,3.14159,-0,3.14159
0.4,0,0.300464,3.14159,-0,3.14159
0.4,0,0.300454,3.14159,-0,3.14159
0.4,0,0.300445,3.14159,-0,3.14159
0.4,0,0.300436,3.14159,-0,3.14159
0.4,0,0.300427,3.14159,-0,3.14159
0.4,0,0.300418,3.14159,-0,3.14159
0.4,0,0.30041,3.14159,-0,3.14159
0.4,0,0.300401,3.14159,-0,3.14159
0.4,0,0.300393,3.14159,-0,3.14159
0.4,0,0.300385,3.14159,-0,3.14159
0.4,0,0.300377,3.14159,-0,3.14159
0.4,0,0.300369,3.14159,-0,3.14159
0.4,0,0.300361,3.14159,-0,3.14159
0.4,0,0.300353,3.14159,-0,3.14159
0.4,0,0.300346,3.14159,-0,3.14159
0.4,0,0.300339,3.14159,-0,3.14159
0.4,0,0.300331,3.14159,-0,3.14159
0.4,0,0.300324,3.14159,-0,3.14159
0.4,0,0.300317,3.14159,-0,3.14159
0.4,0,0.30031,3.14159,-0,3.14159
0.4,0,0.300303,3.14159,-0,3.14159
0.4,0,0.300297,3.14159,-0,3.14159
0.4,0,0.30029,3.14159,-0,3.14159
0.4,0,0.300284,3.14159,-0,3.14159
0.4,0,0.300278,3.14159,-0,3.14159
0.4,0,0.300271,3.14159,-0,3.14159
0.4,0,0.300265,3.14159,-0,3.14159
0.4,0,0.300259,3.14159,-0,3.14159
0.4,0,0.300253,3.14159,-0,3.14159
0.4,0,0.300248,3.14159,-0,3.14159
0.4,0,0.300242,3.14159,-0,3.14159
0.4,0,0.300236,3.14159,-0,3.14159
0.4,0,0.300231,3.14159,-0,3.14159
0.4,0,0.300226,3.14159,-0,3.14159
0.4,0,0.30022,3.14159,-0,3.14159
0.4,0,0.300215,3.14159,-0,3.14159
0.4,0,0.30021,3.14159,-0,3.14159
0.4,0,0.300205,3.14159,-0,3.14159
0.4,0,0.3002,3.14159,-0,3.14159
0.4,0,0.300196,3.14159,-0,3.14159
0.4,0,0.300191,3.14159,-0,3.14159
0.4,0,0.300186,3.14159,-0,3.14159
0.4,0,0.300182,3.14159,-0,3.14159
0.4,0,0.300178,3.14159,-0,3.14159
0.4,0,0.300173,3.14159,-0,3.14159
0.4,0,0.300169,3.14159,-0,3.14159
0.4,0,0.300165,3.14159,-0,3.14159
0.4,0,0.300161,3.14159,-0,3.14159
0.4,0,0.300157,3.14159,-0,3.14159
0.4,0,0.300153,3.14159,-0,3.14159
0.4,0,0.300149,3.14159,-0,3.14159
0.4,0,0.300145,3.14159,-0,3.14159
0.4,0,0.300142,3.14159,-0,3.14159
0.4,0,0.300138,3.14159,-0,3.14159
0.4,0,0.300134,3.14159,-0,3.14159
0.4,0,0.300131,3.14159,-0,3.14159
0.4,0,0.300128,3.14159,-0,3.14159
0.4,0,0.300124,3.14159,-0,3.14159
0.4,0,0.300121,3.14159,-0,3.14159
0.4,0,0.300118,3.14159,-0,3.14159
0.4,0,0.300115,3.14159,-0,3.14159
0.4,0,0.300112,3.14159,-0,3.14159
0.4,0,0.300109,3.14159,-0,3.14159
0.4,0,0.300106,3.14159,-0,3.14159
0.4,0,0.300103,3.14159,-0,3.14159
0.4,0,0.3001,3.14159,-0,3.14159
0.4,0,0.300097,3.14159,-0,3.14159
0.4,0,0.300095,3.14159,-0,3.14159
0.4,0,0.300092,3.14159,-0,3.14159
0.4,0,0.30009,3.14159,-0,3.14159
0.4,0,0.300087,3.14159,-0,3.14159
0.4,0,0.300085,3.14159,-0,3.14159
0.4,0,0.300082,3.14159,-0,3.14159
0.4,0,0.30008,3.14159,-0,3.14159
0.4,0,0.300078,3.14159,-0,3.14159
0.4,0,0.300076,3.14159,-0,3.14159
0.4,0,0.300073,3.14159,-0,3.14159
0.4,0,0.300071,3.14159,-0,3.14159
0.4,0,0.300069,3.14159,-0,3.14159
0.4,0,0.300067,3.14159,-0,3.14159
0.4,0,0.300065,3.14159,-0,3.14159
0.4,0,0.300063,3.14159,-0,3.14159
0.4,0,0.300061,3.14159,-0,3.14159
0.4,0,0.30006,3.14159,-0,3.14159
0.4,0,0.300058,3.14159,-0,3.14159
0.4,0,0.300056,3.14159,-0,3.14159
0.4,0,0.300054,3.14159,-0,3.14159
0.4,0,0.300053,3.14159,-0,3.14159
0.4,0,0.300051,3.14159,-0,3.14159
0.4,0,0.30005,3.14159,-0,3.14159
0.4,0,0.300048,3.14159,-0,3.14159
0.4,0,0.300046,3.14159,-0,3.14159
0.4,0,0.300045,3.14159,-0,3.14159
0.4,0,0.300044,3.14159,-0,3.14159
0.4,0,0.300042,3.14159,-0,3.14159
0.4,0,0.300041,3.14159,-0,3.14159
0.4,0,0.30004,3.14159,-0,3.14159
0.4,0,0.300038,3.14159,-0,3.14159
0.4,0,0.300037,3.14159,-0,3.14159
0.4,0,0.300036,3.14159,-0,3.14159
0.4,0,0.300035,3.14159,-0,3.14159
0.4,0,0.300033,3.14159,-0,3.14159
0.4,0,0.300032,3.14159,-0,3.14159
0.4,0,0.300031,3.14159,-0,3.14159
0.4,0,0.30003,3.14159,-0,3.14159
0.4,0,0.300029,3.14159,-0,3.14159
0.4,0,0.300028,3.14159,-0,3.14159
0.4,0,0.300027,3.14159,-0,3.14159
0.4,0,0.300026,3.14159,-0,3.14159
0.4,0,0.300025,3.14159,-0,3.14159
0.4,0,0.300024,3.14159,-0,3.14159
0.4,0,0.300024,3.14159,-0,3.14159
0.4,0,0.300023,3.14159,-0,3.14159
0.4,0,0.300022,3.14159,-0,3.14159
0.4,0,0.300021,3.14159,-0,3.14159
0.4,0,0.30002,3.14159,-0,3.14159
0.4,0,0.30002,3.14159,-0,3.14159
0.4,0,0.300019,3.14159,-0,3.14159
0.4,0,0.300018,3.14159,-0,3.14159
0.4,0,0.300018,3.14159,-0,3.14159
0.4,0,0.300017,3.14159,-0,3.14159
0.4,0,0.300016,3.14159,-0,3.14159
0.4,0,0.300016,3.14159,-0,3.14159
0.4,0,0.300015,3.14159,-0,3.14159
0.4,0,0.300014,3.14159,-0,3.14159
0.4,0,0.300014,3.14159,-0,3.14159
0.4,0,0.300013,3.14159,-0,3.14159
0.4,0,0.300013,3.14159,-0,3.14159
0.4,0,0.300012,3.14159,-0,3.14159
0.4,0,0.300012,3.14159,-0,3.14159
0.4,0,0.300011,3.14159,-0,3.14159
0.4,0,0.300011,3.14159,-0,3.14159
0.4,0,0.30001,3.14159,-0,3.14159
0.4,0,0.30001,3.14159,-0,3.14159
0.4,0,0.30001,3.14159,-0,3.14159
0.4,0,0.300009,3.14159,-0,3.14159
0.4,0,0.300009,3.14159,-0,3.14159
0.4,0,0.300008,3.14159,-0,3.14159
0.4,0,0.300008,3.14159,-0,3.14159
0.4,0,0.300008,3.14159,-0,3.14159
0.4,0,0.300007,3.14159,-0,3.14159
0.4,0,0.300007,3.14159,-0,3.14159
0.4,0,0.300007,3.14159,-0,3.14159
0.4,0,0.300006,3.14159,-0,3.14159
0.4,0,0.300006,3.14159,-0,3.14159
0.4,0,0.300006,3.14159,-0,3.14159
0.4,0,0.300006,3.14159,-0,3.14159
0.4,0,0.300005,3.14159,-0,3.14159
0.4,0,0.300005,3.14159,-0,3.14159
0.4,0,0.300005,3.14159,-0,3.14159
0.4,0,0.300005,3.14159,-0,3.14159
0.4,0,0.300004,3.14159,-0,3.14159
0.4,0,0.300004,3.14159,-0,3.14159
0.4,0,0.300004,3.14159,-0,3.14159
0.4,0,0.300004,3.14159,-0,3.14159
0.4,0,0.300004,3.14159,-0,3.14159
0.4,0,0.300003,3.14159,-0,3.14159
0.4,0,0.300003,3.14159,-0,3.14159
0.4,0,0.300003,3.14159,-0,3.14159
0.4,0,0.300003,3.14159,-0,3.14159
0.4,0,0.300003,3.14159,-0,3.14159
0.4,0,0.300003,3.14159,-0,3.14159
0.4,0,0.300003,3.14159,-0,3.14159
0.4,0,0.300002,3.14159,-0,3.14159
0.4,0,0.300002,3.14159,-0,3.14159
0.4,0,0.300002,3.14159,-0,3.14159
0.4,0,0.300002,3.14159,-0,3.14159
0.4,0,0.300002,3.14159,-0,3.14159
0.4,0,0.300002,3.14159,-0,3.14159
0.4,0,0.300002,3.14159,-0,3.14159
0.4,0,0.300002,3.14159,-0,3.14159
0.4,0,0.300002,3.14159,-0,3.14159
0.4,0,0.300001,3.14159,-0,3.14159
0.4,0,0.300001,3.14159,-0,3.14159
0.4,0,0.300001,3.14159,-0,3.14159
0.4,0,0.300001,3.14159,-0,3.14159
0.4,0,0.300001,3.14159,-0,3.14159
0.4,0,0.300001,3.14159,-0,3.14159
0.4,0,0.300001,3.14159,-0,3.14159
0.4,0,0.300001,3.14159,-0,3.14159
0.4,0,0.300001,3.14159,-0,3.14159
0.4,0,0.300001,3.14159,-0,3.14159
0.4,0,0.300001,3.14159,-0,3.14159
0.4,0,0.300001,3.14159,-0,3.14159
0.4,0,0.300001,3.14159,-0,3.14159
0.4,0,0.300001,3.14159,-0,3.14159
0.4,0,0.300001,3.14159,-0,3.14159
0.4,0,0.300001,3.14159,-0,3.14159
0.4,0,0.300001,3.14159,-0,3.14159
0.4,0,0.3,3.14159,-0,3.14159
0.4,0,0.3,3.14159,-0,3.14159
0.4,0,0.3,3.14159,-0,3.14159
0.4,0,0.3,3.14159,-0,3.14159
0.4,0,0.3,3.14159,-0,3.14159
0.4,0,0.3,3.14159,-0,3.14159
0.4,0,0.3,3.14159,-0,3.14159
0.4,0,0.3,3.14159,-0,3.14159
0.4,0,0.3,3.14159,-0,3.14159
0.4,0,0.3,3.14159,-0,3.14159
0.4,0,0.3,3.14159,-0,3.14159
0.4,0,0.3,3.14159,-0,3.14159
0.4,0,0.3,3.14159,-0,3.14159
0.4,0,0.3,3.14159,-0,3.14159
0.4,0,0.3,3.14159,-0,3.14159
0.4,0,0.3,3.14159,-0,3.14159
0.4,0,0.3,3.14159,-0,3.14159
0.4,0,0.3,3.14159,-0,3.14159
0.4,0,0.3,3.14159,-0,3.14159
0.4,0,0.3,3.14159,-0,3.14159
0.4,0,0.3,3.14159,-0,3.14159
0.4,0,0.3,3.14159,-0,3.14159
0.4,0,0.3,3.14159,-0,3.14159
0.4,0,0.3,3.14159,-0,3.14159
0.4,0,0.3,3.14159,-0,3.14159
0.4,0,0.3,3.14159,-0,3.14159
0.4,0,0.3,3.14159,-0,3.14159
0.4,0,0.3,3.14159,-0,3.14159
0.4,0,0.3,3.14159,-0,3.14159
0.4,0,0.3,3.14159,-0,3.14159
0.4,0,0.3,3.14159,-0,3.14159
0.4,0,0.3,3.14159,-0,3.14159
0.4,0,0.3,3.14159,-0,3.14159
0.4,0,0.3,3.14159,-0,3.14159
0.4,0,0.3,3.14159,-0,3.14159
0.4,0,0.3,3.14159,-0,3.14159
0.4,0,0.3,3.14159,-0,3.14159
0.4,0,0.3,3.14159,-0,3.14159
0.4,0,0.3,3.14159,-0,3.14159
0.4,0,0.3,3.14159,-0,3.14159
0.4,0,0.3,3.14159,-0,3.14159
0.4,0,0.3,3.14159,-0,3.14159
0.4,0,0.3,3.14159,-0,3.14159
0.4,0,0.3,3.14159,-0,3.14159
0.4,0,0.3,3.14159,-0,3.14159
0.4,0,0.3,3.14159,-0,3.14159
0.4,0,0.3,3.14159,-0,3.14159
0.4,0,0.3,3.14159,-0,3.14159
0.4,0,0.3,3.14159,-0,3.14159
0.4,0,0.3,3.14159,-0,3.14159
0.4,0,0.3,3.14159,-0,3.14159
0.4,0,0.3,3.14159,-0,3.14159
0.4,0,0.3,3.14159,-0,3.14159
0.4,0,0.3,3.14159,-0,3.14159
0.4,0,0.3,3.14159,-0,3.14159
0.4,0,0.3,3.14159,-0,3.14159
0.4,0,0.3,3.14159,-0,3.14159
0.4,0,0.3,3.14159,-0,3.14159
0.4,0,0.3,3.14159,-0,3.14159
0.4,0,0.3,3.14159,-0,3.14159
0.4,0,0.3,3.14159,-0,3.14159
0.4,0,0.3,3.14159,-0,3.14159
0.4,0,0.3,3.14159,-0,3.14159
0.4,0,0.3,3.14159,-0,3.14159
0.4,0,0.3,3.14159,-0,3.14159
0.4,0,0.3,3.14159,-0,3.14159
0.4,0,0.3,3.14159,-0,3.14159
0.4,0,0.3,3.14159,-0,3.14159
0.4,0,0.3,3.14159,-0,3.14159
0.4,0,0.3,3.14159,-0,3.14159
0.4,0,0.3,3.14159,-0,3.14159
0.4,0,0.3,3.14159,-0,3.14159
0.4,0,0.3,3.14159,-0,3.14159
0.4,0,0.3,3.14159,-0,3.14159
0.4,0,0.3,3.14159,-0,3.14159
0.4,0,0.3,3.14159,-0,3.14159
0.4,0,0.3,3.14159,-0,3.14159
0.4,0,0.3,3.14159,-0,3.14159
0.4,0,0.3,3.14159,-0,3.14159
0.4,0,0.3,3.14159,-0,3.14159
0.4,0,0.3,3.14159,-0,3.14159
0.4,0,0.3,3.14159,-0,3.14159
